-- phpMyAdmin SQL Dump
-- version 4.1.14
-- http://www.phpmyadmin.net
--
-- Host: 127.0.0.1
-- Generation Time: Sep 06, 2025 at 03:38 PM
-- Server version: 5.6.17
-- PHP Version: 5.5.12

SET SQL_MODE = "NO_AUTO_VALUE_ON_ZERO";
SET time_zone = "+00:00";


/*!40101 SET @OLD_CHARACTER_SET_CLIENT=@@CHARACTER_SET_CLIENT */;
/*!40101 SET @OLD_CHARACTER_SET_RESULTS=@@CHARACTER_SET_RESULTS */;
/*!40101 SET @OLD_COLLATION_CONNECTION=@@COLLATION_CONNECTION */;
/*!40101 SET NAMES utf8 */;

--
-- Database: `student_management`
--

-- --------------------------------------------------------

--
-- Table structure for table `admin_reg`
--

CREATE TABLE IF NOT EXISTS `admin_reg` (
  `id` int(11) NOT NULL AUTO_INCREMENT,
  `first_name` text NOT NULL,
  `last_name` text NOT NULL,
  `email` text NOT NULL,
  `phone` text NOT NULL,
  `password` text NOT NULL,
  PRIMARY KEY (`id`)
) ENGINE=InnoDB  DEFAULT CHARSET=latin1 AUTO_INCREMENT=12 ;

--
-- Dumping data for table `admin_reg`
--

INSERT INTO `admin_reg` (`id`, `first_name`, `last_name`, `email`, `phone`, `password`) VALUES
(11, 'ishvari', 'walunj', 'ishvariwalunj2005@gmail.com', '09766466299', '25d55ad283aa400af464c76d713c07ad');

-- --------------------------------------------------------

--
-- Table structure for table `attendence`
--

CREATE TABLE IF NOT EXISTS `attendence` (
  `id` int(11) NOT NULL AUTO_INCREMENT,
  `date` varchar(20) NOT NULL,
  `time` time(6) NOT NULL,
  `subject` varchar(20) NOT NULL,
  `S_1` int(11) NOT NULL DEFAULT '-1',
  `S_2` int(11) NOT NULL DEFAULT '-1',
  `S_3` int(11) NOT NULL DEFAULT '-1',
  `S_4` int(11) NOT NULL DEFAULT '-1',
  `S_5` int(11) NOT NULL DEFAULT '-1',
  `S_6` int(11) NOT NULL DEFAULT '-1',
  `S_7` int(11) NOT NULL DEFAULT '-1',
  `S_8` int(11) NOT NULL DEFAULT '-1',
  `S_9` int(11) NOT NULL DEFAULT '-1',
  `S_10` int(11) NOT NULL DEFAULT '-1',
  `S_11` int(11) NOT NULL DEFAULT '-1',
  `S_12` int(11) NOT NULL DEFAULT '-1',
  `S_13` int(11) NOT NULL DEFAULT '-1',
  `S_14` int(11) NOT NULL DEFAULT '-1',
  `S_15` int(11) NOT NULL DEFAULT '-1',
  `S_16` int(11) NOT NULL DEFAULT '-1',
  `S_17` int(11) NOT NULL DEFAULT '-1',
  `S_18` int(11) NOT NULL DEFAULT '-1',
  `S_19` int(11) NOT NULL DEFAULT '-1',
  `S_20` int(11) NOT NULL DEFAULT '-1',
  `S_21` int(11) NOT NULL DEFAULT '-1',
  `S_22` int(11) NOT NULL DEFAULT '-1',
  `S_23` int(11) NOT NULL DEFAULT '-1',
  `S_24` int(11) NOT NULL DEFAULT '-1',
  `S_25` int(11) NOT NULL DEFAULT '-1',
  `S_26` int(11) NOT NULL DEFAULT '-1',
  `S_27` int(11) NOT NULL DEFAULT '-1',
  `S_28` int(11) NOT NULL DEFAULT '-1',
  `S_29` int(11) NOT NULL DEFAULT '-1',
  `S_30` int(11) NOT NULL DEFAULT '-1',
  `S_31` int(11) NOT NULL DEFAULT '-1',
  `S_32` int(11) NOT NULL DEFAULT '-1',
  `S_33` int(11) NOT NULL DEFAULT '-1',
  `S_34` int(11) NOT NULL DEFAULT '-1',
  `S_35` int(11) NOT NULL DEFAULT '-1',
  `S_36` int(11) NOT NULL DEFAULT '-1',
  `S_37` int(11) NOT NULL DEFAULT '-1',
  `S_38` int(11) NOT NULL DEFAULT '-1',
  `S_39` int(11) NOT NULL DEFAULT '-1',
  `S_40` int(11) NOT NULL DEFAULT '-1',
  `S_41` int(11) NOT NULL DEFAULT '-1',
  `S_42` int(11) NOT NULL DEFAULT '-1',
  `S_43` int(11) NOT NULL DEFAULT '-1',
  `S_44` int(11) NOT NULL DEFAULT '-1',
  `S_45` int(11) NOT NULL DEFAULT '-1',
  `S_46` int(11) NOT NULL DEFAULT '-1',
  `S_47` int(11) NOT NULL DEFAULT '-1',
  `S_48` int(11) NOT NULL DEFAULT '-1',
  `S_49` int(11) NOT NULL DEFAULT '-1',
  `S_50` int(11) NOT NULL DEFAULT '-1',
  `S_51` int(11) NOT NULL DEFAULT '-1',
  `S_52` int(11) NOT NULL DEFAULT '-1',
  `S_53` int(11) NOT NULL DEFAULT '-1',
  `S_54` int(11) NOT NULL DEFAULT '-1',
  `S_55` int(11) NOT NULL DEFAULT '-1',
  `S_56` int(11) NOT NULL DEFAULT '-1',
  `S_57` int(11) NOT NULL DEFAULT '-1',
  `S_58` int(11) NOT NULL DEFAULT '-1',
  `S_59` int(11) NOT NULL DEFAULT '-1',
  `S_60` int(11) NOT NULL DEFAULT '-1',
  `S_61` int(11) NOT NULL DEFAULT '-1',
  `S_62` int(11) NOT NULL DEFAULT '-1',
  `S_63` int(11) NOT NULL DEFAULT '-1',
  `S_64` int(11) NOT NULL DEFAULT '-1',
  `S_65` int(11) NOT NULL DEFAULT '-1',
  `S_66` int(11) NOT NULL DEFAULT '-1',
  `S_67` int(11) NOT NULL DEFAULT '-1',
  `S_68` int(11) NOT NULL DEFAULT '-1',
  `S_69` int(11) NOT NULL DEFAULT '-1',
  `S_70` int(11) NOT NULL DEFAULT '-1',
  `S_71` int(11) NOT NULL DEFAULT '-1',
  `S_72` int(11) NOT NULL DEFAULT '-1',
  `S_73` int(11) NOT NULL DEFAULT '-1',
  `S_74` int(11) NOT NULL DEFAULT '-1',
  `S_75` int(11) NOT NULL DEFAULT '-1',
  `S_76` int(11) NOT NULL DEFAULT '-1',
  `S_77` int(11) NOT NULL DEFAULT '-1',
  `S_78` int(11) NOT NULL DEFAULT '-1',
  `S_79` int(11) NOT NULL DEFAULT '-1',
  `S_80` int(11) NOT NULL DEFAULT '-1',
  `S_81` int(11) NOT NULL DEFAULT '-1',
  `S_82` int(11) NOT NULL DEFAULT '-1',
  `S_83` int(11) NOT NULL DEFAULT '-1',
  `S_84` int(11) NOT NULL DEFAULT '-1',
  `S_85` int(11) NOT NULL DEFAULT '-1',
  `S_86` int(11) NOT NULL DEFAULT '-1',
  `S_87` int(11) NOT NULL DEFAULT '-1',
  `S_88` int(11) NOT NULL DEFAULT '-1',
  `S_89` int(11) NOT NULL DEFAULT '-1',
  `S_90` int(11) NOT NULL DEFAULT '-1',
  `S_91` int(11) NOT NULL DEFAULT '-1',
  `S_92` int(11) NOT NULL DEFAULT '-1',
  `S_93` int(11) NOT NULL DEFAULT '-1',
  `S_94` int(11) NOT NULL DEFAULT '-1',
  `S_95` int(11) NOT NULL DEFAULT '-1',
  `S_96` int(11) NOT NULL DEFAULT '-1',
  `S_97` int(11) NOT NULL DEFAULT '-1',
  `S_98` int(11) NOT NULL DEFAULT '-1',
  `S_99` int(11) NOT NULL DEFAULT '-1',
  `S_100` int(11) NOT NULL DEFAULT '-1',
  `S_2010410349` int(11) NOT NULL DEFAULT '-1',
  `S_2110510001` int(11) NOT NULL DEFAULT '-1',
  `S_2110510002` int(11) NOT NULL DEFAULT '-1',
  `S_2110510003` int(11) NOT NULL DEFAULT '-1',
  `S_2110510005` int(11) NOT NULL DEFAULT '-1',
  `S_2110510006` int(11) NOT NULL DEFAULT '-1',
  `S_2110510007` int(11) NOT NULL DEFAULT '-1',
  `S_2110510008` int(11) NOT NULL DEFAULT '-1',
  `S_2110510010` int(11) NOT NULL DEFAULT '-1',
  `S_2110510011` int(11) NOT NULL DEFAULT '-1',
  `S_2110510012` int(11) NOT NULL DEFAULT '-1',
  `S_2110510013` int(11) NOT NULL DEFAULT '-1',
  `S_2110510014` int(11) NOT NULL DEFAULT '-1',
  `S_2110510015` int(11) NOT NULL DEFAULT '-1',
  `S_2110510017` int(11) NOT NULL DEFAULT '-1',
  `S_2110510018` int(11) NOT NULL DEFAULT '-1',
  `S_2110510019` int(11) NOT NULL DEFAULT '-1',
  `S_2110510023` int(11) NOT NULL DEFAULT '-1',
  `S_2110510025` int(11) NOT NULL DEFAULT '-1',
  `S_2110510026` int(11) NOT NULL DEFAULT '-1',
  `S_` int(11) NOT NULL DEFAULT '-1',
  `S_2110510030` int(11) NOT NULL DEFAULT '-1',
  `S_2110510031` int(11) NOT NULL DEFAULT '-1',
  `S_2110510032` int(11) NOT NULL DEFAULT '-1',
  `S_2110510033` int(11) NOT NULL DEFAULT '-1',
  `S_2110510034` int(11) NOT NULL DEFAULT '-1',
  `S_2110510035` int(11) NOT NULL DEFAULT '-1',
  `S_2110510036` int(11) NOT NULL DEFAULT '-1',
  `S_2110510037` int(11) NOT NULL DEFAULT '-1',
  `S_2110510038` int(11) NOT NULL DEFAULT '-1',
  `S_2110510039` int(11) NOT NULL DEFAULT '-1',
  `S_2110510040` int(11) NOT NULL DEFAULT '-1',
  `S_2110510041` int(11) NOT NULL DEFAULT '-1',
  `S_2110510042` int(11) NOT NULL DEFAULT '-1',
  `S_2210510043` int(11) NOT NULL DEFAULT '-1',
  `S_2110510044` int(11) NOT NULL DEFAULT '-1',
  `S_2110510045` int(11) NOT NULL DEFAULT '-1',
  `S_2110510046` int(11) NOT NULL DEFAULT '-1',
  `S_2110510047` int(11) NOT NULL DEFAULT '-1',
  `S_2110510049` int(11) NOT NULL DEFAULT '-1',
  `S_2110510050` int(11) NOT NULL DEFAULT '-1',
  `S_2110510051` int(11) NOT NULL DEFAULT '-1',
  `S_2110510053` int(11) NOT NULL DEFAULT '-1',
  `S_2110510246` int(11) NOT NULL DEFAULT '-1',
  `S_211010510248` int(11) NOT NULL DEFAULT '-1',
  `S_2110510249` int(11) NOT NULL DEFAULT '-1',
  `S_2110410250` int(11) NOT NULL DEFAULT '-1',
  `S_211051251` int(11) NOT NULL DEFAULT '-1',
  `S_2110510252` int(11) NOT NULL DEFAULT '-1',
  `S_2110510253` int(11) NOT NULL DEFAULT '-1',
  `S_2110151001` int(11) NOT NULL DEFAULT '-1',
  `S_211051002` int(11) NOT NULL DEFAULT '-1',
  `S_211051003` int(11) NOT NULL DEFAULT '-1',
  `S_2110510004` int(11) NOT NULL DEFAULT '-1',
  `S_211051006` int(11) NOT NULL DEFAULT '-1',
  `S_211051020` int(11) NOT NULL DEFAULT '-1',
  PRIMARY KEY (`id`)
) ENGINE=InnoDB  DEFAULT CHARSET=latin1 AUTO_INCREMENT=245 ;

--
-- Dumping data for table `attendence`
--

INSERT INTO `attendence` (`id`, `date`, `time`, `subject`, `S_1`, `S_2`, `S_3`, `S_4`, `S_5`, `S_6`, `S_7`, `S_8`, `S_9`, `S_10`, `S_11`, `S_12`, `S_13`, `S_14`, `S_15`, `S_16`, `S_17`, `S_18`, `S_19`, `S_20`, `S_21`, `S_22`, `S_23`, `S_24`, `S_25`, `S_26`, `S_27`, `S_28`, `S_29`, `S_30`, `S_31`, `S_32`, `S_33`, `S_34`, `S_35`, `S_36`, `S_37`, `S_38`, `S_39`, `S_40`, `S_41`, `S_42`, `S_43`, `S_44`, `S_45`, `S_46`, `S_47`, `S_48`, `S_49`, `S_50`, `S_51`, `S_52`, `S_53`, `S_54`, `S_55`, `S_56`, `S_57`, `S_58`, `S_59`, `S_60`, `S_61`, `S_62`, `S_63`, `S_64`, `S_65`, `S_66`, `S_67`, `S_68`, `S_69`, `S_70`, `S_71`, `S_72`, `S_73`, `S_74`, `S_75`, `S_76`, `S_77`, `S_78`, `S_79`, `S_80`, `S_81`, `S_82`, `S_83`, `S_84`, `S_85`, `S_86`, `S_87`, `S_88`, `S_89`, `S_90`, `S_91`, `S_92`, `S_93`, `S_94`, `S_95`, `S_96`, `S_97`, `S_98`, `S_99`, `S_100`, `S_2010410349`, `S_2110510001`, `S_2110510002`, `S_2110510003`, `S_2110510005`, `S_2110510006`, `S_2110510007`, `S_2110510008`, `S_2110510010`, `S_2110510011`, `S_2110510012`, `S_2110510013`, `S_2110510014`, `S_2110510015`, `S_2110510017`, `S_2110510018`, `S_2110510019`, `S_2110510023`, `S_2110510025`, `S_2110510026`, `S_`, `S_2110510030`, `S_2110510031`, `S_2110510032`, `S_2110510033`, `S_2110510034`, `S_2110510035`, `S_2110510036`, `S_2110510037`, `S_2110510038`, `S_2110510039`, `S_2110510040`, `S_2110510041`, `S_2110510042`, `S_2210510043`, `S_2110510044`, `S_2110510045`, `S_2110510046`, `S_2110510047`, `S_2110510049`, `S_2110510050`, `S_2110510051`, `S_2110510053`, `S_2110510246`, `S_211010510248`, `S_2110510249`, `S_2110410250`, `S_211051251`, `S_2110510252`, `S_2110510253`, `S_2110151001`, `S_211051002`, `S_211051003`, `S_2110510004`, `S_211051006`, `S_211051020`) VALUES
(132, '2024-03-04', '11:32:00.000000', '12', -1, 1, -1, -1, -1, -1, -1, 1, -1, -1, -1, -1, -1, -1, 1, -1, -1, -1, 1, -1, -1, -1, -1, -1, -1, -1, -1, -1, -1, 0, -1, -1, -1, -1, -1, -1, -1, -1, -1, -1, -1, -1, -1, -1, -1, -1, -1, -1, -1, -1, -1, -1, -1, -1, -1, -1, -1, -1, -1, -1, -1, -1, -1, -1, -1, -1, -1, -1, -1, -1, -1, -1, -1, -1, -1, -1, -1, -1, -1, -1, -1, -1, -1, -1, -1, -1, -1, -1, -1, -1, -1, -1, -1, -1, -1, -1, -1, -1, -1, -1, -1, -1, -1, -1, -1, -1, -1, -1, -1, -1, -1, -1, -1, -1, -1, -1, -1, -1, -1, -1, -1, -1, -1, -1, -1, -1, -1, -1, -1, -1, -1, -1, -1, -1, -1, -1, -1, -1, -1, -1, -1, -1, -1, -1, -1, -1, -1, -1, -1, -1, -1, -1, -1, -1, -1, -1),
(133, '2024-03-04', '23:27:00.000000', '14', -1, 1, -1, -1, -1, -1, -1, 1, -1, -1, -1, -1, -1, -1, 1, -1, -1, -1, 1, -1, -1, -1, -1, -1, -1, -1, -1, -1, -1, 1, -1, -1, -1, -1, -1, -1, -1, -1, -1, -1, -1, -1, -1, -1, -1, -1, -1, -1, -1, -1, -1, -1, -1, -1, -1, -1, -1, -1, -1, -1, -1, -1, -1, -1, -1, -1, -1, -1, -1, -1, -1, -1, -1, -1, -1, -1, -1, -1, -1, -1, -1, -1, -1, -1, -1, -1, -1, -1, -1, -1, -1, -1, -1, -1, -1, -1, -1, -1, -1, -1, -1, -1, -1, -1, -1, -1, -1, -1, -1, -1, -1, -1, -1, -1, -1, -1, -1, -1, -1, -1, -1, -1, -1, -1, -1, -1, -1, -1, -1, -1, -1, -1, -1, -1, -1, -1, -1, -1, -1, -1, -1, -1, -1, -1, -1, -1, -1, -1, -1, -1, -1, -1, -1, -1, -1, -1),
(134, '2024-03-28', '22:37:00.000000', '19', -1, -1, -1, -1, -1, -1, -1, -1, -1, -1, -1, -1, -1, -1, -1, -1, -1, -1, -1, -1, -1, -1, -1, -1, -1, 1, -1, -1, -1, -1, -1, -1, -1, -1, -1, -1, -1, -1, -1, -1, -1, -1, -1, -1, -1, -1, -1, -1, -1, -1, -1, -1, -1, -1, -1, -1, -1, -1, -1, -1, -1, -1, -1, -1, -1, -1, -1, -1, -1, -1, -1, -1, -1, -1, -1, -1, -1, -1, -1, -1, -1, -1, -1, -1, -1, -1, -1, -1, -1, -1, -1, -1, -1, -1, -1, -1, -1, -1, -1, -1, -1, -1, -1, -1, -1, -1, -1, -1, -1, -1, -1, -1, -1, -1, -1, -1, -1, -1, -1, -1, -1, -1, -1, -1, -1, -1, -1, -1, -1, -1, -1, -1, -1, -1, -1, -1, -1, -1, -1, -1, -1, -1, -1, -1, -1, -1, -1, -1, -1, -1, -1, -1, -1, -1, -1, -1),
(135, '2024-03-28', '23:14:00.000000', '19', -1, -1, -1, -1, -1, -1, -1, -1, -1, -1, -1, -1, -1, -1, -1, -1, -1, -1, -1, -1, -1, -1, -1, -1, -1, 0, -1, -1, -1, -1, -1, -1, -1, -1, -1, -1, -1, -1, -1, -1, -1, -1, -1, -1, -1, -1, -1, -1, -1, -1, -1, -1, -1, -1, -1, -1, -1, -1, -1, -1, -1, -1, -1, -1, -1, -1, -1, -1, -1, -1, -1, -1, -1, -1, -1, -1, -1, -1, -1, -1, -1, -1, -1, -1, -1, -1, -1, -1, -1, -1, -1, -1, -1, -1, -1, -1, -1, -1, -1, -1, -1, -1, -1, -1, -1, -1, -1, -1, -1, -1, -1, -1, -1, -1, -1, -1, -1, -1, -1, -1, -1, -1, -1, -1, -1, -1, -1, -1, -1, -1, -1, -1, -1, -1, -1, -1, -1, -1, -1, -1, -1, -1, -1, -1, -1, -1, -1, -1, -1, -1, -1, -1, -1, -1, -1, -1),
(136, '2024-03-28', '23:30:00.000000', '12', -1, -1, -1, -1, -1, -1, -1, -1, -1, -1, -1, -1, -1, -1, -1, -1, -1, -1, -1, -1, -1, -1, -1, -1, -1, 1, -1, -1, -1, -1, -1, -1, -1, -1, -1, -1, -1, -1, -1, -1, -1, -1, -1, -1, -1, -1, -1, -1, -1, -1, -1, -1, -1, -1, -1, -1, -1, -1, -1, -1, -1, -1, -1, -1, -1, -1, -1, -1, -1, -1, -1, -1, -1, -1, -1, -1, -1, -1, -1, -1, -1, -1, -1, -1, -1, -1, -1, -1, -1, -1, -1, -1, -1, -1, -1, -1, -1, -1, -1, -1, -1, -1, -1, -1, -1, -1, -1, -1, -1, -1, -1, -1, -1, -1, -1, -1, -1, -1, -1, -1, -1, -1, -1, -1, -1, -1, -1, -1, -1, -1, -1, -1, -1, -1, -1, -1, -1, -1, -1, -1, -1, -1, -1, -1, -1, -1, -1, -1, -1, -1, -1, -1, -1, -1, -1, -1),
(137, '2024-03-28', '23:31:00.000000', '13', -1, -1, -1, -1, -1, -1, -1, -1, -1, -1, -1, -1, -1, -1, -1, -1, -1, -1, -1, -1, -1, -1, -1, -1, -1, 0, -1, -1, -1, -1, -1, -1, -1, -1, -1, -1, -1, -1, -1, -1, -1, -1, -1, -1, -1, -1, -1, -1, -1, -1, -1, -1, -1, -1, -1, -1, -1, -1, -1, -1, -1, -1, -1, -1, -1, -1, -1, -1, -1, -1, -1, -1, -1, -1, -1, -1, -1, -1, -1, -1, -1, -1, -1, -1, -1, -1, -1, -1, -1, -1, -1, -1, -1, -1, -1, -1, -1, -1, -1, -1, -1, -1, -1, -1, -1, -1, -1, -1, -1, -1, -1, -1, -1, -1, -1, -1, -1, -1, -1, -1, -1, -1, -1, -1, -1, -1, -1, -1, -1, -1, -1, -1, -1, -1, -1, -1, -1, -1, -1, -1, -1, -1, -1, -1, -1, -1, -1, -1, -1, -1, -1, -1, -1, -1, -1, -1),
(138, '2024-03-29', '10:20:00.000000', '12', -1, -1, -1, -1, -1, -1, -1, -1, -1, -1, -1, -1, -1, -1, -1, -1, -1, -1, -1, -1, -1, -1, -1, -1, -1, 1, -1, -1, -1, -1, -1, -1, -1, -1, -1, -1, -1, -1, -1, -1, -1, -1, -1, -1, -1, -1, -1, -1, -1, -1, -1, -1, -1, -1, -1, -1, -1, -1, -1, -1, -1, -1, -1, -1, -1, -1, -1, -1, -1, -1, -1, -1, -1, -1, -1, -1, -1, -1, -1, -1, -1, -1, -1, -1, -1, -1, -1, -1, -1, -1, -1, -1, -1, -1, -1, -1, -1, -1, -1, -1, -1, -1, -1, -1, -1, -1, -1, -1, -1, -1, -1, -1, -1, -1, -1, -1, -1, -1, -1, -1, -1, -1, -1, -1, -1, -1, -1, -1, -1, -1, -1, -1, -1, -1, -1, -1, -1, -1, -1, -1, -1, -1, -1, -1, -1, -1, -1, -1, -1, -1, -1, -1, -1, -1, -1, -1),
(139, '2024-03-29', '10:21:00.000000', '13', -1, -1, -1, -1, -1, -1, -1, -1, -1, -1, -1, -1, -1, -1, -1, -1, -1, -1, -1, -1, -1, -1, -1, -1, -1, 1, -1, -1, -1, -1, -1, -1, -1, -1, -1, -1, -1, -1, -1, -1, -1, -1, -1, -1, -1, -1, -1, -1, -1, -1, -1, -1, -1, -1, -1, -1, -1, -1, -1, -1, -1, -1, -1, -1, -1, -1, -1, -1, -1, -1, -1, -1, -1, -1, -1, -1, -1, -1, -1, -1, -1, -1, -1, -1, -1, -1, -1, -1, -1, -1, -1, -1, -1, -1, -1, -1, -1, -1, -1, -1, -1, -1, -1, -1, -1, -1, -1, -1, -1, -1, -1, -1, -1, -1, -1, -1, -1, -1, -1, -1, -1, -1, -1, -1, -1, -1, -1, -1, -1, -1, -1, -1, -1, -1, -1, -1, -1, -1, -1, -1, -1, -1, -1, -1, -1, -1, -1, -1, -1, -1, -1, -1, -1, -1, -1, -1),
(140, '2024-03-29', '10:22:00.000000', '20', -1, -1, -1, -1, -1, -1, -1, -1, -1, -1, -1, -1, -1, -1, -1, -1, -1, -1, -1, -1, -1, -1, -1, -1, -1, 0, -1, -1, -1, -1, -1, -1, -1, -1, -1, -1, -1, -1, -1, -1, -1, -1, -1, -1, -1, -1, -1, -1, -1, -1, -1, -1, -1, -1, -1, -1, -1, -1, -1, -1, -1, -1, -1, -1, -1, -1, -1, -1, -1, -1, -1, -1, -1, -1, -1, -1, -1, -1, -1, -1, -1, -1, -1, -1, -1, -1, -1, -1, -1, -1, -1, -1, -1, -1, -1, -1, -1, -1, -1, -1, -1, -1, -1, -1, -1, -1, -1, -1, -1, -1, -1, -1, -1, -1, -1, -1, -1, -1, -1, -1, -1, -1, -1, -1, -1, -1, -1, -1, -1, -1, -1, -1, -1, -1, -1, -1, -1, -1, -1, -1, -1, -1, -1, -1, -1, -1, -1, -1, -1, -1, -1, -1, -1, -1, -1, -1),
(141, '2024-03-29', '10:22:00.000000', '12', -1, -1, -1, -1, -1, -1, -1, -1, -1, -1, -1, -1, -1, -1, -1, -1, -1, -1, -1, -1, -1, -1, -1, -1, -1, 0, -1, -1, -1, -1, -1, -1, -1, -1, -1, -1, -1, -1, -1, -1, -1, -1, -1, -1, -1, -1, -1, -1, -1, -1, -1, -1, -1, -1, -1, -1, -1, -1, -1, -1, -1, -1, -1, -1, -1, -1, -1, -1, -1, -1, -1, -1, -1, -1, -1, -1, -1, -1, -1, -1, -1, -1, -1, -1, -1, -1, -1, -1, -1, -1, -1, -1, -1, -1, -1, -1, -1, -1, -1, -1, -1, -1, -1, -1, -1, -1, -1, -1, -1, -1, -1, -1, -1, -1, -1, -1, -1, -1, -1, -1, -1, -1, -1, -1, -1, -1, -1, -1, -1, -1, -1, -1, -1, -1, -1, -1, -1, -1, -1, -1, -1, -1, -1, -1, -1, -1, -1, -1, -1, -1, -1, -1, -1, -1, -1, -1),
(142, '2024-03-29', '10:24:00.000000', '25', -1, -1, 1, -1, 1, 0, 1, -1, -1, 0, -1, -1, 1, -1, -1, -1, 0, -1, -1, -1, -1, -1, -1, -1, -1, -1, -1, -1, -1, -1, -1, -1, 1, -1, -1, -1, -1, -1, -1, -1, -1, -1, -1, -1, -1, 0, -1, -1, -1, -1, -1, -1, -1, 1, -1, -1, -1, -1, -1, -1, 0, -1, 1, -1, -1, -1, -1, -1, -1, -1, 0, -1, -1, -1, -1, -1, -1, -1, -1, 1, -1, -1, -1, -1, -1, 0, -1, -1, -1, 1, -1, -1, 0, 1, -1, -1, -1, -1, -1, -1, -1, -1, -1, -1, -1, -1, -1, -1, -1, -1, -1, -1, -1, -1, -1, -1, -1, -1, -1, -1, -1, -1, -1, -1, -1, -1, -1, -1, -1, -1, -1, -1, -1, -1, -1, -1, -1, -1, -1, -1, -1, -1, -1, -1, -1, -1, -1, -1, -1, -1, -1, -1, -1, -1, -1, -1),
(143, '2024-03-29', '10:28:00.000000', '16', -1, -1, -1, -1, -1, -1, -1, -1, -1, -1, -1, -1, -1, -1, -1, -1, -1, -1, -1, -1, -1, -1, -1, -1, -1, 1, -1, -1, -1, -1, -1, -1, -1, -1, -1, -1, -1, -1, -1, -1, -1, -1, -1, -1, -1, -1, -1, -1, -1, -1, -1, -1, -1, -1, -1, -1, -1, -1, -1, -1, -1, -1, -1, -1, -1, -1, -1, -1, -1, -1, -1, -1, -1, -1, -1, -1, -1, -1, -1, -1, -1, -1, -1, -1, -1, -1, -1, -1, -1, -1, -1, -1, -1, -1, -1, -1, -1, -1, -1, -1, -1, -1, -1, -1, -1, -1, -1, -1, -1, -1, -1, -1, -1, -1, -1, -1, -1, -1, -1, -1, -1, -1, -1, -1, -1, -1, -1, -1, -1, -1, -1, -1, -1, -1, -1, -1, -1, -1, -1, -1, -1, -1, -1, -1, -1, -1, -1, -1, -1, -1, -1, -1, -1, -1, -1, -1),
(144, '2024-03-29', '10:50:00.000000', '12', -1, -1, -1, -1, -1, -1, -1, -1, -1, -1, -1, -1, -1, -1, -1, -1, -1, -1, -1, -1, -1, -1, -1, -1, -1, -1, -1, -1, -1, -1, -1, -1, -1, -1, -1, -1, -1, -1, -1, -1, -1, -1, -1, -1, -1, -1, -1, -1, -1, -1, -1, -1, -1, -1, -1, -1, -1, -1, -1, -1, -1, -1, -1, -1, -1, -1, -1, -1, -1, -1, -1, -1, -1, -1, -1, -1, -1, -1, -1, -1, -1, -1, -1, -1, -1, -1, -1, -1, -1, -1, -1, -1, -1, -1, -1, -1, -1, -1, -1, -1, 1, 1, 0, 1, 0, 1, 1, 1, 0, 1, 0, 1, 0, 1, -1, -1, -1, -1, -1, -1, -1, -1, -1, -1, -1, -1, -1, -1, -1, -1, -1, -1, -1, -1, -1, -1, -1, -1, -1, -1, -1, -1, -1, -1, -1, -1, -1, -1, -1, -1, -1, -1, -1, -1, -1, -1),
(145, '2024-03-29', '10:54:00.000000', '13', -1, -1, -1, -1, -1, -1, -1, -1, -1, -1, -1, -1, -1, -1, -1, -1, -1, -1, -1, -1, -1, -1, -1, -1, -1, -1, -1, -1, -1, -1, -1, -1, -1, -1, -1, -1, -1, -1, -1, -1, -1, -1, -1, -1, -1, -1, -1, -1, -1, -1, -1, -1, -1, -1, -1, -1, -1, -1, -1, -1, -1, -1, -1, -1, -1, -1, -1, -1, -1, -1, -1, -1, -1, -1, -1, -1, -1, -1, -1, -1, -1, -1, -1, -1, -1, -1, -1, -1, -1, -1, -1, -1, -1, -1, -1, -1, -1, -1, -1, -1, 1, 0, 1, 0, 1, 0, 1, 0, 0, 0, 0, 0, 1, 1, -1, -1, -1, -1, -1, -1, -1, -1, -1, -1, -1, -1, -1, -1, -1, -1, -1, -1, -1, -1, -1, -1, -1, -1, -1, -1, -1, -1, -1, -1, -1, -1, -1, -1, -1, -1, -1, -1, -1, -1, -1, -1),
(146, '2024-03-29', '10:55:00.000000', '20', -1, -1, -1, -1, -1, -1, -1, -1, -1, -1, -1, -1, -1, -1, -1, -1, -1, -1, -1, -1, -1, -1, -1, -1, -1, -1, -1, -1, -1, -1, -1, -1, -1, -1, -1, -1, -1, -1, -1, -1, -1, -1, -1, -1, -1, -1, -1, -1, -1, -1, -1, -1, -1, -1, -1, -1, -1, -1, -1, -1, -1, -1, -1, -1, -1, -1, -1, -1, -1, -1, -1, -1, -1, -1, -1, -1, -1, -1, -1, -1, -1, -1, -1, -1, -1, -1, -1, -1, -1, -1, -1, -1, -1, -1, -1, -1, -1, -1, -1, -1, 1, 0, 0, 0, 1, 0, 0, 1, 0, 0, 1, 0, 0, 1, -1, -1, -1, -1, -1, -1, -1, -1, -1, -1, -1, -1, -1, -1, -1, -1, -1, -1, -1, -1, -1, -1, -1, -1, -1, -1, -1, -1, -1, -1, -1, -1, -1, -1, -1, -1, -1, -1, -1, -1, -1, -1),
(147, '2024-03-29', '10:56:00.000000', '15', -1, -1, -1, -1, -1, -1, -1, -1, -1, -1, -1, -1, -1, -1, -1, -1, -1, -1, -1, -1, -1, -1, -1, -1, -1, -1, -1, -1, -1, -1, -1, -1, -1, -1, -1, -1, -1, -1, -1, -1, -1, -1, -1, -1, -1, -1, -1, -1, -1, -1, -1, -1, -1, -1, -1, -1, -1, -1, -1, -1, -1, -1, -1, -1, -1, -1, -1, -1, -1, -1, -1, -1, -1, -1, -1, -1, -1, -1, -1, -1, -1, -1, -1, -1, -1, -1, -1, -1, -1, -1, -1, -1, -1, -1, -1, -1, -1, -1, -1, -1, 1, 0, 1, 0, 1, 0, 1, 0, 1, 0, 0, 0, 0, 1, -1, -1, -1, -1, -1, -1, -1, -1, -1, -1, -1, -1, -1, -1, -1, -1, -1, -1, -1, -1, -1, -1, -1, -1, -1, -1, -1, -1, -1, -1, -1, -1, -1, -1, -1, -1, -1, -1, -1, -1, -1, -1),
(148, '2024-03-30', '10:58:00.000000', '15', -1, -1, -1, -1, -1, -1, -1, -1, -1, -1, -1, -1, -1, -1, -1, -1, -1, -1, -1, -1, -1, -1, -1, -1, -1, -1, -1, -1, -1, -1, -1, -1, -1, -1, -1, -1, -1, -1, -1, -1, -1, -1, -1, -1, -1, -1, -1, -1, -1, -1, -1, -1, -1, -1, -1, -1, -1, -1, -1, -1, -1, -1, -1, -1, -1, -1, -1, -1, -1, -1, -1, -1, -1, -1, -1, -1, -1, -1, -1, -1, -1, -1, -1, -1, -1, -1, -1, -1, -1, -1, -1, -1, -1, -1, -1, -1, -1, -1, -1, -1, 1, 0, 0, 1, 1, 1, 1, 0, 0, 1, 0, 1, 0, 1, -1, -1, -1, -1, -1, -1, -1, -1, -1, -1, -1, -1, -1, -1, -1, -1, -1, -1, -1, -1, -1, -1, -1, -1, -1, -1, -1, -1, -1, -1, -1, -1, -1, -1, -1, -1, -1, -1, -1, -1, -1, -1),
(149, '2024-03-29', '20:19:00.000000', '45', -1, -1, -1, -1, -1, -1, -1, -1, -1, -1, -1, -1, -1, -1, -1, -1, -1, -1, -1, -1, -1, -1, -1, -1, -1, -1, -1, -1, -1, -1, -1, -1, -1, -1, -1, -1, -1, -1, -1, -1, -1, -1, -1, -1, -1, -1, -1, -1, -1, -1, -1, -1, -1, -1, -1, -1, -1, -1, -1, -1, -1, -1, -1, -1, -1, -1, -1, -1, -1, -1, -1, -1, -1, -1, -1, -1, -1, -1, -1, -1, -1, -1, -1, -1, -1, -1, -1, -1, -1, -1, -1, -1, -1, -1, -1, -1, -1, -1, -1, -1, -1, -1, -1, -1, -1, -1, -1, -1, -1, -1, -1, -1, -1, -1, -1, -1, -1, -1, -1, -1, -1, -1, -1, -1, -1, -1, -1, -1, -1, -1, -1, -1, -1, -1, -1, -1, -1, -1, -1, -1, -1, -1, -1, -1, -1, -1, -1, -1, -1, -1, -1, -1, -1, -1, -1, -1),
(150, '2024-04-01', '12:07:00.000000', '15', -1, -1, -1, -1, -1, -1, -1, -1, -1, -1, -1, -1, -1, -1, -1, -1, -1, -1, -1, -1, -1, -1, -1, -1, -1, -1, -1, -1, -1, -1, -1, -1, -1, -1, -1, -1, -1, -1, -1, -1, -1, -1, -1, -1, -1, -1, -1, -1, -1, -1, -1, -1, -1, -1, -1, -1, -1, -1, -1, -1, -1, -1, -1, -1, -1, -1, -1, -1, -1, -1, -1, -1, -1, -1, -1, -1, -1, -1, -1, -1, -1, -1, -1, -1, -1, -1, -1, -1, -1, -1, -1, -1, -1, -1, -1, -1, -1, -1, -1, -1, 1, 0, 1, 0, 1, 1, 0, 1, 0, 1, 0, 1, 0, 1, -1, -1, -1, -1, -1, -1, -1, -1, -1, -1, -1, -1, -1, -1, -1, -1, -1, -1, -1, -1, -1, -1, -1, -1, -1, -1, -1, -1, -1, -1, -1, -1, -1, -1, -1, -1, -1, -1, -1, -1, -1, -1),
(151, '2024-04-01', '12:13:00.000000', '39', -1, -1, -1, -1, -1, -1, -1, -1, -1, -1, -1, -1, -1, -1, -1, -1, -1, -1, -1, -1, -1, -1, -1, -1, -1, -1, -1, -1, -1, -1, -1, -1, -1, -1, -1, -1, -1, -1, -1, -1, -1, -1, -1, -1, -1, -1, -1, -1, -1, -1, -1, -1, -1, -1, -1, -1, -1, -1, -1, -1, -1, -1, -1, -1, -1, -1, -1, -1, -1, -1, -1, -1, -1, -1, -1, -1, -1, -1, -1, -1, -1, -1, -1, -1, -1, -1, -1, -1, -1, -1, -1, -1, -1, -1, -1, -1, -1, -1, -1, -1, -1, -1, -1, -1, -1, -1, -1, -1, -1, -1, -1, -1, -1, -1, -1, -1, -1, -1, -1, -1, -1, -1, -1, -1, -1, -1, -1, -1, -1, -1, -1, -1, -1, -1, -1, -1, -1, -1, -1, -1, -1, -1, -1, -1, -1, -1, -1, -1, -1, -1, -1, -1, -1, -1, -1, -1),
(152, '2024-04-01', '16:09:00.000000', 'none', -1, -1, -1, -1, -1, -1, -1, -1, -1, -1, -1, -1, -1, -1, -1, -1, -1, -1, -1, -1, -1, -1, -1, -1, -1, -1, -1, -1, -1, -1, -1, -1, -1, -1, -1, -1, -1, -1, -1, -1, -1, -1, -1, -1, -1, -1, -1, -1, -1, -1, -1, -1, -1, -1, -1, -1, -1, -1, -1, -1, -1, -1, -1, -1, -1, -1, -1, -1, -1, -1, -1, -1, -1, -1, -1, -1, -1, -1, -1, -1, -1, -1, -1, -1, -1, -1, -1, -1, -1, -1, -1, -1, -1, -1, -1, -1, -1, -1, -1, -1, 1, 1, 1, 1, 1, 1, 1, 1, 1, 1, 1, 1, 1, -1, -1, -1, -1, -1, -1, -1, -1, -1, -1, -1, -1, -1, -1, -1, -1, -1, -1, -1, -1, -1, -1, -1, -1, -1, -1, -1, -1, -1, -1, -1, -1, -1, -1, -1, -1, -1, -1, -1, -1, -1, -1, -1),
(153, '2024-04-04', '17:07:00.000000', '12', -1, -1, -1, -1, -1, -1, -1, -1, -1, -1, -1, -1, -1, -1, -1, -1, -1, -1, -1, -1, -1, -1, -1, -1, -1, -1, -1, -1, -1, -1, -1, -1, -1, -1, -1, -1, -1, -1, -1, -1, -1, -1, -1, -1, -1, -1, -1, -1, -1, -1, -1, -1, -1, -1, -1, -1, -1, -1, -1, -1, -1, -1, -1, -1, -1, -1, -1, -1, -1, -1, -1, -1, -1, -1, -1, -1, -1, -1, -1, -1, -1, -1, -1, -1, -1, -1, -1, -1, -1, -1, -1, -1, -1, -1, -1, -1, -1, -1, -1, -1, 1, 0, 1, 0, 1, 0, 1, 0, 1, 0, 1, 0, 1, 0, -1, -1, -1, -1, -1, -1, -1, -1, -1, -1, -1, -1, -1, -1, -1, -1, -1, -1, -1, -1, -1, -1, -1, -1, -1, -1, -1, -1, -1, -1, -1, -1, -1, -1, -1, -1, -1, -1, -1, -1, -1, -1),
(154, '2024-04-04', '17:13:00.000000', 'none', -1, -1, -1, -1, -1, -1, -1, -1, -1, -1, -1, -1, -1, -1, -1, -1, -1, -1, -1, -1, -1, -1, -1, -1, -1, -1, -1, -1, -1, -1, -1, -1, -1, -1, -1, -1, -1, -1, -1, -1, -1, -1, -1, -1, -1, -1, -1, -1, -1, -1, -1, -1, -1, -1, -1, -1, -1, -1, -1, -1, -1, -1, -1, -1, -1, -1, -1, -1, -1, -1, -1, -1, -1, -1, -1, -1, -1, -1, -1, -1, -1, -1, -1, -1, -1, -1, -1, -1, -1, -1, -1, -1, -1, -1, -1, -1, -1, -1, -1, -1, 1, 1, 1, 1, 1, 1, 1, 1, 1, 1, 1, 1, 1, 1, -1, -1, -1, -1, -1, -1, -1, -1, -1, -1, -1, -1, -1, -1, -1, -1, -1, -1, -1, -1, -1, -1, -1, -1, -1, -1, -1, -1, -1, -1, -1, -1, -1, -1, -1, -1, -1, -1, -1, -1, -1, -1),
(155, '2024-04-04', '17:13:00.000000', '20', -1, -1, -1, -1, -1, -1, -1, -1, -1, -1, -1, -1, -1, -1, -1, -1, -1, -1, -1, -1, -1, -1, -1, -1, -1, -1, -1, -1, -1, -1, -1, -1, -1, -1, -1, -1, -1, -1, -1, -1, -1, -1, -1, -1, -1, -1, -1, -1, -1, -1, -1, -1, -1, -1, -1, -1, -1, -1, -1, -1, -1, -1, -1, -1, -1, -1, -1, -1, -1, -1, -1, -1, -1, -1, -1, -1, -1, -1, -1, -1, -1, -1, -1, -1, -1, -1, -1, -1, -1, -1, -1, -1, -1, -1, -1, -1, -1, -1, -1, -1, 1, 1, 1, 1, 1, 1, 1, 1, 1, 1, 1, 1, 1, 1, -1, -1, -1, -1, -1, -1, -1, -1, -1, -1, -1, -1, -1, -1, -1, -1, -1, -1, -1, -1, -1, -1, -1, -1, -1, -1, -1, -1, -1, -1, -1, -1, -1, -1, -1, -1, -1, -1, -1, -1, -1, -1),
(156, '2024-04-04', '21:08:00.000000', '12', -1, -1, -1, -1, -1, -1, -1, -1, -1, -1, -1, -1, -1, -1, -1, -1, -1, -1, -1, -1, -1, -1, -1, -1, -1, -1, -1, -1, -1, -1, -1, -1, -1, -1, -1, -1, -1, -1, -1, -1, -1, -1, -1, -1, -1, -1, -1, -1, -1, -1, -1, -1, -1, -1, -1, -1, -1, -1, -1, -1, -1, -1, -1, -1, -1, -1, -1, -1, -1, -1, -1, -1, -1, -1, -1, -1, -1, -1, -1, -1, -1, -1, -1, -1, -1, -1, -1, -1, -1, -1, -1, -1, -1, -1, -1, -1, -1, -1, -1, -1, 1, 0, 1, 0, 1, 0, 1, 0, 1, 0, 1, 0, 1, 0, -1, -1, -1, -1, -1, -1, -1, -1, -1, -1, -1, -1, -1, -1, -1, -1, -1, -1, -1, -1, -1, -1, -1, -1, -1, -1, -1, -1, -1, -1, -1, -1, -1, -1, -1, -1, -1, -1, -1, -1, -1, -1),
(157, '2024-04-05', '21:09:00.000000', '13', -1, -1, -1, -1, -1, -1, -1, -1, -1, -1, -1, -1, -1, -1, -1, -1, -1, -1, -1, -1, -1, -1, -1, -1, -1, -1, -1, -1, -1, -1, -1, -1, -1, -1, -1, -1, -1, -1, -1, -1, -1, -1, -1, -1, -1, -1, -1, -1, -1, -1, -1, -1, -1, -1, -1, -1, -1, -1, -1, -1, -1, -1, -1, -1, -1, -1, -1, -1, -1, -1, -1, -1, -1, -1, -1, -1, -1, -1, -1, -1, -1, -1, -1, -1, -1, -1, -1, -1, -1, -1, -1, -1, -1, -1, -1, -1, -1, -1, -1, -1, 1, 0, 1, 0, 1, 0, 1, 0, 1, 0, 1, 0, 1, 0, -1, -1, -1, -1, -1, -1, -1, -1, -1, -1, -1, -1, -1, -1, -1, -1, -1, -1, -1, -1, -1, -1, -1, -1, -1, -1, -1, -1, -1, -1, -1, -1, -1, -1, -1, -1, -1, -1, -1, -1, -1, -1),
(158, '2024-04-06', '21:09:00.000000', '20', -1, -1, -1, -1, -1, -1, -1, -1, -1, -1, -1, -1, -1, -1, -1, -1, -1, -1, -1, -1, -1, -1, -1, -1, -1, -1, -1, -1, -1, -1, -1, -1, -1, -1, -1, -1, -1, -1, -1, -1, -1, -1, -1, -1, -1, -1, -1, -1, -1, -1, -1, -1, -1, -1, -1, -1, -1, -1, -1, -1, -1, -1, -1, -1, -1, -1, -1, -1, -1, -1, -1, -1, -1, -1, -1, -1, -1, -1, -1, -1, -1, -1, -1, -1, -1, -1, -1, -1, -1, -1, -1, -1, -1, -1, -1, -1, -1, -1, -1, -1, 1, 0, 1, 0, 1, 0, 1, 0, 1, 0, 1, 0, 1, 0, -1, -1, -1, -1, -1, -1, -1, -1, -1, -1, -1, -1, -1, -1, -1, -1, -1, -1, -1, -1, -1, -1, -1, -1, -1, -1, -1, -1, -1, -1, -1, -1, -1, -1, -1, -1, -1, -1, -1, -1, -1, -1),
(159, '2024-04-07', '21:10:00.000000', '12', -1, -1, -1, -1, -1, -1, -1, -1, -1, -1, -1, -1, -1, -1, -1, -1, -1, -1, -1, -1, -1, -1, -1, -1, -1, -1, -1, -1, -1, -1, -1, -1, -1, -1, -1, -1, -1, -1, -1, -1, -1, -1, -1, -1, -1, -1, -1, -1, -1, -1, -1, -1, -1, -1, -1, -1, -1, -1, -1, -1, -1, -1, -1, -1, -1, -1, -1, -1, -1, -1, -1, -1, -1, -1, -1, -1, -1, -1, -1, -1, -1, -1, -1, -1, -1, -1, -1, -1, -1, -1, -1, -1, -1, -1, -1, -1, -1, -1, -1, -1, 1, 0, 1, 0, 1, 0, 0, -1, 0, 1, 0, 1, 0, 0, -1, -1, -1, -1, -1, -1, -1, -1, -1, -1, -1, -1, -1, -1, -1, -1, -1, -1, -1, -1, -1, -1, -1, -1, -1, -1, -1, -1, -1, -1, -1, -1, -1, -1, -1, -1, -1, -1, -1, -1, -1, -1),
(160, '2024-04-10', '21:10:00.000000', '13', -1, -1, -1, -1, -1, -1, -1, -1, -1, -1, -1, -1, -1, -1, -1, -1, -1, -1, -1, -1, -1, -1, -1, -1, -1, -1, -1, -1, -1, -1, -1, -1, -1, -1, -1, -1, -1, -1, -1, -1, -1, -1, -1, -1, -1, -1, -1, -1, -1, -1, -1, -1, -1, -1, -1, -1, -1, -1, -1, -1, -1, -1, -1, -1, -1, -1, -1, -1, -1, -1, -1, -1, -1, -1, -1, -1, -1, -1, -1, -1, -1, -1, -1, -1, -1, -1, -1, -1, -1, -1, -1, -1, -1, -1, -1, -1, -1, -1, -1, -1, 1, 1, 1, 1, 1, 1, 0, 1, 1, 1, 1, 1, 0, 1, 1, 1, 0, 1, 1, 1, -1, 1, 1, 1, 1, 1, 1, 1, 1, 1, 1, 1, 0, 1, 1, 1, 1, 0, 1, 1, 1, 1, 1, -1, -1, -1, -1, -1, -1, -1, -1, -1, -1, -1, -1, -1),
(161, '2024-04-13', '15:45:00.000000', '15', -1, -1, -1, -1, -1, -1, -1, -1, -1, -1, -1, -1, -1, -1, -1, -1, -1, -1, -1, -1, -1, -1, -1, -1, -1, -1, -1, -1, -1, -1, -1, -1, -1, -1, -1, -1, -1, -1, -1, -1, -1, -1, -1, -1, -1, -1, -1, -1, -1, -1, -1, -1, -1, -1, -1, -1, -1, -1, -1, -1, -1, -1, -1, -1, -1, -1, -1, -1, -1, -1, -1, -1, -1, -1, -1, -1, -1, -1, -1, -1, -1, -1, -1, -1, -1, -1, -1, -1, -1, -1, -1, -1, -1, -1, -1, -1, -1, -1, -1, -1, 1, 0, 1, 0, 0, 1, 1, 1, 1, 1, 1, 1, 1, 1, 1, 0, 0, 0, 0, 0, 0, 0, 1, 1, 1, 1, 1, 1, 1, 1, 1, 1, 1, 1, -1, -1, -1, -1, -1, -1, -1, -1, -1, -1, -1, -1, -1, -1, -1, -1, -1, -1, -1, -1, -1, -1),
(162, '2024-04-01', '22:18:00.000000', 'none', -1, -1, -1, -1, -1, -1, -1, -1, -1, -1, -1, -1, -1, -1, -1, -1, -1, -1, -1, -1, -1, -1, -1, -1, -1, -1, -1, -1, -1, -1, -1, -1, -1, -1, -1, -1, -1, -1, -1, -1, -1, -1, -1, -1, -1, -1, -1, -1, -1, -1, -1, -1, -1, -1, -1, -1, -1, -1, -1, -1, -1, -1, -1, -1, -1, -1, -1, -1, -1, -1, -1, -1, -1, -1, -1, -1, -1, -1, -1, -1, -1, -1, -1, -1, -1, -1, -1, -1, -1, -1, -1, -1, -1, -1, -1, -1, -1, -1, -1, -1, 1, 0, 0, 1, 1, 1, 1, 1, -1, 1, 1, 1, 1, 1, 1, 1, 1, 1, 1, 1, -1, 0, 1, 1, 1, 0, 0, 1, 1, 1, 0, 0, 1, 1, 1, 1, 1, 1, 1, 1, 1, 1, 1, -1, -1, -1, -1, -1, -1, -1, -1, -1, -1, -1, -1, -1),
(163, '2024-04-02', '22:18:00.000000', '15', -1, -1, -1, -1, -1, -1, -1, -1, -1, -1, -1, -1, -1, -1, -1, -1, -1, -1, -1, -1, -1, -1, -1, -1, -1, -1, -1, -1, -1, -1, -1, -1, -1, -1, -1, -1, -1, -1, -1, -1, -1, -1, -1, -1, -1, -1, -1, -1, -1, -1, -1, -1, -1, -1, -1, -1, -1, -1, -1, -1, -1, -1, -1, -1, -1, -1, -1, -1, -1, -1, -1, -1, -1, -1, -1, -1, -1, -1, -1, -1, -1, -1, -1, -1, -1, -1, -1, -1, -1, -1, -1, -1, -1, -1, -1, -1, -1, -1, -1, -1, 1, 1, 1, 1, 1, 0, 0, 1, -1, 1, 1, 0, 1, 1, 1, 0, 1, 1, 1, 0, -1, 1, 1, 1, 0, 1, 1, 1, 0, 1, 1, 1, 0, 0, 1, 1, 1, 1, 1, 1, 0, 1, 1, -1, -1, -1, -1, -1, -1, -1, -1, -1, -1, -1, -1, -1),
(164, '2024-04-03', '22:19:00.000000', 'none', -1, -1, -1, -1, -1, -1, -1, -1, -1, -1, -1, -1, -1, -1, -1, -1, -1, -1, -1, -1, -1, -1, -1, -1, -1, -1, -1, -1, -1, -1, -1, -1, -1, -1, -1, -1, -1, -1, -1, -1, -1, -1, -1, -1, -1, -1, -1, -1, -1, -1, -1, -1, -1, -1, -1, -1, -1, -1, -1, -1, -1, -1, -1, -1, -1, -1, -1, -1, -1, -1, -1, -1, -1, -1, -1, -1, -1, -1, -1, -1, -1, -1, -1, -1, -1, -1, -1, -1, -1, -1, -1, -1, -1, -1, -1, -1, -1, -1, -1, -1, 1, 1, 1, 1, 1, 1, 1, 1, -1, 1, 1, 1, 1, 1, 1, 1, 1, 0, 1, 1, -1, 1, 0, 1, 1, 1, 1, 1, 0, 1, 1, 1, 1, 0, 1, 1, 1, 1, 0, 1, 1, 1, 0, -1, -1, -1, -1, -1, -1, -1, -1, -1, -1, -1, -1, -1),
(165, '2024-04-04', '22:19:00.000000', 'none', -1, -1, -1, -1, -1, -1, -1, -1, -1, -1, -1, -1, -1, -1, -1, -1, -1, -1, -1, -1, -1, -1, -1, -1, -1, -1, -1, -1, -1, -1, -1, -1, -1, -1, -1, -1, -1, -1, -1, -1, -1, -1, -1, -1, -1, -1, -1, -1, -1, -1, -1, -1, -1, -1, -1, -1, -1, -1, -1, -1, -1, -1, -1, -1, -1, -1, -1, -1, -1, -1, -1, -1, -1, -1, -1, -1, -1, -1, -1, -1, -1, -1, -1, -1, -1, -1, -1, -1, -1, -1, -1, -1, -1, -1, -1, -1, -1, -1, -1, -1, -1, -1, -1, -1, -1, -1, -1, -1, -1, -1, -1, -1, -1, -1, -1, -1, -1, -1, -1, -1, -1, -1, -1, -1, -1, -1, -1, -1, -1, -1, -1, -1, -1, -1, -1, -1, -1, -1, -1, -1, -1, -1, -1, -1, -1, -1, -1, -1, -1, -1, -1, -1, -1, -1, -1, -1),
(166, '2024-04-03', '22:20:00.000000', 'none', -1, -1, -1, -1, -1, -1, -1, -1, -1, -1, -1, -1, -1, -1, -1, -1, -1, -1, -1, -1, -1, -1, -1, -1, -1, -1, -1, -1, -1, -1, -1, -1, -1, -1, -1, -1, -1, -1, -1, -1, -1, -1, -1, -1, -1, -1, -1, -1, -1, -1, -1, -1, -1, -1, -1, -1, -1, -1, -1, -1, -1, -1, -1, -1, -1, -1, -1, -1, -1, -1, -1, -1, -1, -1, -1, -1, -1, -1, -1, -1, -1, -1, -1, -1, -1, -1, -1, -1, -1, -1, -1, -1, -1, -1, -1, -1, -1, -1, -1, -1, 1, 1, 1, 1, 0, 1, 1, 0, -1, 0, 1, 1, 1, 1, 1, 0, 1, 1, 1, 0, -1, 1, 1, 0, 1, 1, 1, 0, 1, 1, 1, 1, 1, 0, 1, 1, 1, 0, 1, 1, 1, 1, 0, -1, -1, -1, -1, -1, -1, -1, -1, -1, -1, -1, -1, -1),
(167, '2024-04-16', '22:21:00.000000', '15', -1, -1, -1, -1, -1, -1, -1, -1, -1, -1, -1, -1, -1, -1, -1, -1, -1, -1, -1, -1, -1, -1, -1, -1, -1, -1, -1, -1, -1, -1, -1, -1, -1, -1, -1, -1, -1, -1, -1, -1, -1, -1, -1, -1, -1, -1, -1, -1, -1, -1, -1, -1, -1, -1, -1, -1, -1, -1, -1, -1, -1, -1, -1, -1, -1, -1, -1, -1, -1, -1, -1, -1, -1, -1, -1, -1, -1, -1, -1, -1, -1, -1, -1, -1, -1, -1, -1, -1, -1, -1, -1, -1, -1, -1, -1, -1, -1, -1, -1, -1, 1, 1, 0, 0, 1, 1, 1, 0, -1, 1, 1, 0, 1, 1, 0, 1, 0, 1, 1, 1, -1, 1, 1, 1, 1, 0, 1, 1, 1, 1, 1, 1, 1, 1, 0, 1, 1, 0, 1, 1, 1, 0, 1, -1, -1, -1, -1, -1, -1, -1, -1, -1, -1, -1, -1, -1),
(168, '2024-04-04', '22:22:00.000000', 'none', -1, -1, -1, -1, -1, -1, -1, -1, -1, -1, -1, -1, -1, -1, -1, -1, -1, -1, -1, -1, -1, -1, -1, -1, -1, -1, -1, -1, -1, -1, -1, -1, -1, -1, -1, -1, -1, -1, -1, -1, -1, -1, -1, -1, -1, -1, -1, -1, -1, -1, -1, -1, -1, -1, -1, -1, -1, -1, -1, -1, -1, -1, -1, -1, -1, -1, -1, -1, -1, -1, -1, -1, -1, -1, -1, -1, -1, -1, -1, -1, -1, -1, -1, -1, -1, -1, -1, -1, -1, -1, -1, -1, -1, -1, -1, -1, -1, -1, -1, -1, 1, 1, 1, 1, 1, 1, 0, 1, -1, 1, 0, 1, 1, 1, 1, 0, 1, 1, 1, 0, -1, 1, 1, 0, 1, 1, 1, 1, 1, 1, 1, 1, 0, 1, 1, 1, 1, 1, 0, 1, 1, 1, 0, -1, -1, -1, -1, -1, -1, -1, -1, -1, -1, -1, -1, -1),
(169, '2024-04-05', '22:22:00.000000', 'none', -1, -1, -1, -1, -1, -1, -1, -1, -1, -1, -1, -1, -1, -1, -1, -1, -1, -1, -1, -1, -1, -1, -1, -1, -1, -1, -1, -1, -1, -1, -1, -1, -1, -1, -1, -1, -1, -1, -1, -1, -1, -1, -1, -1, -1, -1, -1, -1, -1, -1, -1, -1, -1, -1, -1, -1, -1, -1, -1, -1, -1, -1, -1, -1, -1, -1, -1, -1, -1, -1, -1, -1, -1, -1, -1, -1, -1, -1, -1, -1, -1, -1, -1, -1, -1, -1, -1, -1, -1, -1, -1, -1, -1, -1, -1, -1, -1, -1, -1, -1, 1, 1, 1, 1, 1, 0, 1, 1, -1, 1, 1, 0, 1, 1, 1, 1, 1, 0, 1, 1, -1, 0, 0, 1, 1, 1, 0, 1, 1, 1, 0, 1, 1, 1, 0, 1, 1, 1, 0, 1, 1, 1, 1, -1, -1, -1, -1, -1, -1, -1, -1, -1, -1, -1, -1, -1),
(170, '2024-04-06', '22:23:00.000000', 'none', -1, -1, -1, -1, -1, -1, -1, -1, -1, -1, -1, -1, -1, -1, -1, -1, -1, -1, -1, -1, -1, -1, -1, -1, -1, -1, -1, -1, -1, -1, -1, -1, -1, -1, -1, -1, -1, -1, -1, -1, -1, -1, -1, -1, -1, -1, -1, -1, -1, -1, -1, -1, -1, -1, -1, -1, -1, -1, -1, -1, -1, -1, -1, -1, -1, -1, -1, -1, -1, -1, -1, -1, -1, -1, -1, -1, -1, -1, -1, -1, -1, -1, -1, -1, -1, -1, -1, -1, -1, -1, -1, -1, -1, -1, -1, -1, -1, -1, -1, -1, 1, 1, 1, 1, 1, 0, 1, 1, -1, 0, 1, 1, 1, 0, 1, 1, 1, 1, 0, 1, -1, 1, 1, 0, 1, 1, 1, 0, 1, 1, 1, 0, 1, 1, 1, 0, 1, 0, 1, 1, 1, 0, 1, -1, -1, -1, -1, -1, -1, -1, -1, -1, -1, -1, -1, -1),
(171, '2024-04-07', '22:23:00.000000', '15', -1, -1, -1, -1, -1, -1, -1, -1, -1, -1, -1, -1, -1, -1, -1, -1, -1, -1, -1, -1, -1, -1, -1, -1, -1, -1, -1, -1, -1, -1, -1, -1, -1, -1, -1, -1, -1, -1, -1, -1, -1, -1, -1, -1, -1, -1, -1, -1, -1, -1, -1, -1, -1, -1, -1, -1, -1, -1, -1, -1, -1, -1, -1, -1, -1, -1, -1, -1, -1, -1, -1, -1, -1, -1, -1, -1, -1, -1, -1, -1, -1, -1, -1, -1, -1, -1, -1, -1, -1, -1, -1, -1, -1, -1, -1, -1, -1, -1, -1, -1, 1, 0, 1, 1, 1, 0, 1, 1, -1, 0, 1, 1, 1, 0, 1, 1, 1, 0, 0, 0, -1, 1, 1, 1, 0, 1, 1, 1, 0, 1, 1, 1, 0, 1, 1, 1, 1, 1, 1, 1, 0, 1, 0, -1, -1, -1, -1, -1, -1, -1, -1, -1, -1, -1, -1, -1),
(172, '2024-04-08', '22:24:00.000000', 'none', -1, -1, -1, -1, -1, -1, -1, -1, -1, -1, -1, -1, -1, -1, -1, -1, -1, -1, -1, -1, -1, -1, -1, -1, -1, -1, -1, -1, -1, -1, -1, -1, -1, -1, -1, -1, -1, -1, -1, -1, -1, -1, -1, -1, -1, -1, -1, -1, -1, -1, -1, -1, -1, -1, -1, -1, -1, -1, -1, -1, -1, -1, -1, -1, -1, -1, -1, -1, -1, -1, -1, -1, -1, -1, -1, -1, -1, -1, -1, -1, -1, -1, -1, -1, -1, -1, -1, -1, -1, -1, -1, -1, -1, -1, -1, -1, -1, -1, -1, -1, 1, 1, 1, 1, 1, 1, 1, 1, -1, 1, 1, 1, 0, 1, 1, 1, 1, 1, 0, 0, -1, 1, 1, 1, 0, 0, 1, 0, 1, 1, 1, 0, 0, 1, 0, 1, 1, 1, 1, 1, 1, 0, 1, -1, -1, -1, -1, -1, -1, -1, -1, -1, -1, -1, -1, -1),
(173, '2024-04-09', '22:25:00.000000', 'none', -1, -1, -1, -1, -1, -1, -1, -1, -1, -1, -1, -1, -1, -1, -1, -1, -1, -1, -1, -1, -1, -1, -1, -1, -1, -1, -1, -1, -1, -1, -1, -1, -1, -1, -1, -1, -1, -1, -1, -1, -1, -1, -1, -1, -1, -1, -1, -1, -1, -1, -1, -1, -1, -1, -1, -1, -1, -1, -1, -1, -1, -1, -1, -1, -1, -1, -1, -1, -1, -1, -1, -1, -1, -1, -1, -1, -1, -1, -1, -1, -1, -1, -1, -1, -1, -1, -1, -1, -1, -1, -1, -1, -1, -1, -1, -1, -1, -1, -1, -1, 1, 0, 0, 0, 0, 1, 0, 0, -1, 1, 1, 1, 1, 1, 1, 1, 1, 1, 1, 1, -1, 1, 1, 1, 1, 1, 1, 1, 1, 1, 0, 1, 1, 1, 1, 0, 1, 1, 0, 1, 1, 1, 1, -1, -1, -1, -1, -1, -1, -1, -1, -1, -1, -1, -1, -1),
(174, '2024-04-17', '20:24:00.000000', '12', -1, -1, -1, -1, -1, -1, -1, -1, -1, -1, -1, -1, -1, -1, -1, -1, -1, -1, -1, -1, -1, -1, -1, -1, -1, -1, -1, -1, -1, -1, -1, -1, -1, -1, -1, -1, -1, -1, -1, -1, -1, -1, -1, -1, -1, -1, -1, -1, -1, -1, -1, -1, -1, -1, -1, -1, -1, -1, -1, -1, -1, -1, -1, -1, -1, -1, -1, -1, -1, -1, -1, -1, -1, -1, -1, -1, -1, -1, -1, -1, -1, -1, -1, -1, -1, -1, -1, -1, -1, -1, -1, -1, -1, -1, -1, -1, -1, -1, -1, -1, 1, 1, 0, 1, 0, 1, 0, 1, -1, 1, 0, 1, 0, 1, 0, 0, 1, 0, 0, 1, -1, 1, 1, 1, 1, 1, 1, 1, 1, 1, 1, 1, 1, 1, 1, 1, 1, 1, 1, 1, 1, 1, 1, -1, -1, -1, -1, -1, -1, -1, -1, -1, -1, -1, -1, -1),
(175, '2024-04-10', '21:03:00.000000', '15', -1, -1, -1, -1, -1, -1, -1, -1, -1, -1, -1, -1, -1, -1, -1, -1, -1, -1, -1, -1, -1, -1, -1, -1, -1, -1, -1, -1, -1, -1, -1, -1, -1, -1, -1, -1, -1, -1, -1, -1, -1, -1, -1, -1, -1, -1, -1, -1, -1, -1, -1, -1, -1, -1, -1, -1, -1, -1, -1, -1, -1, -1, -1, -1, -1, -1, -1, -1, -1, -1, -1, -1, -1, -1, -1, -1, -1, -1, -1, -1, -1, -1, -1, -1, -1, -1, -1, -1, -1, -1, -1, -1, -1, -1, -1, -1, -1, -1, -1, -1, 1, 1, 1, 1, 1, 1, 0, 1, -1, 1, 1, 1, 0, 1, 1, 1, 0, 1, 1, 1, -1, 1, 1, 1, 1, 1, 1, 1, 1, 1, 1, 1, 0, 1, 1, 1, 1, 0, 1, 1, 1, 1, 1, -1, -1, -1, -1, -1, -1, -1, -1, -1, -1, -1, -1, -1),
(176, '2024-04-11', '21:04:00.000000', '15', -1, -1, -1, -1, -1, -1, -1, -1, -1, -1, -1, -1, -1, -1, -1, -1, -1, -1, -1, -1, -1, -1, -1, -1, -1, -1, -1, -1, -1, -1, -1, -1, -1, -1, -1, -1, -1, -1, -1, -1, -1, -1, -1, -1, -1, -1, -1, -1, -1, -1, -1, -1, -1, -1, -1, -1, -1, -1, -1, -1, -1, -1, -1, -1, -1, -1, -1, -1, -1, -1, -1, -1, -1, -1, -1, -1, -1, -1, -1, -1, -1, -1, -1, -1, -1, -1, -1, -1, -1, -1, -1, -1, -1, -1, -1, -1, -1, -1, -1, -1, 1, 1, 1, 1, 1, 0, 1, 1, -1, 1, 1, 1, 1, 0, 1, 1, 1, 1, 1, 0, -1, 0, 1, 1, 1, 0, 1, 1, 1, 0, 1, 1, 1, 1, 1, 1, 1, 1, 1, 1, 1, 1, 1, -1, -1, -1, -1, -1, -1, -1, -1, -1, -1, -1, -1, -1),
(177, '2024-04-12', '21:04:00.000000', '15', -1, -1, -1, -1, -1, -1, -1, -1, -1, -1, -1, -1, -1, -1, -1, -1, -1, -1, -1, -1, -1, -1, -1, -1, -1, -1, -1, -1, -1, -1, -1, -1, -1, -1, -1, -1, -1, -1, -1, -1, -1, -1, -1, -1, -1, -1, -1, -1, -1, -1, -1, -1, -1, -1, -1, -1, -1, -1, -1, -1, -1, -1, -1, -1, -1, -1, -1, -1, -1, -1, -1, -1, -1, -1, -1, -1, -1, -1, -1, -1, -1, -1, -1, -1, -1, -1, -1, -1, -1, -1, -1, -1, -1, -1, -1, -1, -1, -1, -1, -1, 1, 1, 1, 1, 1, 1, 0, 1, -1, 1, 1, 1, 1, 1, 1, 1, 1, 1, 0, 1, -1, 1, 1, 1, 1, 1, 1, 1, 1, 0, 1, 1, 1, 1, 1, 0, 1, 1, 1, 0, 1, 1, 1, -1, -1, -1, -1, -1, -1, -1, -1, -1, -1, -1, -1, -1),
(178, '2024-04-13', '21:05:00.000000', '15', -1, -1, -1, -1, -1, -1, -1, -1, -1, -1, -1, -1, -1, -1, -1, -1, -1, -1, -1, -1, -1, -1, -1, -1, -1, -1, -1, -1, -1, -1, -1, -1, -1, -1, -1, -1, -1, -1, -1, -1, -1, -1, -1, -1, -1, -1, -1, -1, -1, -1, -1, -1, -1, -1, -1, -1, -1, -1, -1, -1, -1, -1, -1, -1, -1, -1, -1, -1, -1, -1, -1, -1, -1, -1, -1, -1, -1, -1, -1, -1, -1, -1, -1, -1, -1, -1, -1, -1, -1, -1, -1, -1, -1, -1, -1, -1, -1, -1, -1, -1, 0, 1, 1, 0, 1, 1, 1, 1, -1, 1, 1, 1, 1, 1, 1, 1, 1, 1, 1, 1, -1, 0, 0, 1, 1, 1, 1, 1, 1, 1, 1, 1, 1, 1, 1, 1, 1, 1, 1, 1, 0, 1, 1, -1, -1, -1, -1, -1, -1, -1, -1, -1, -1, -1, -1, -1),
(179, '2024-04-14', '21:06:00.000000', '15', -1, -1, -1, -1, -1, -1, -1, -1, -1, -1, -1, -1, -1, -1, -1, -1, -1, -1, -1, -1, -1, -1, -1, -1, -1, -1, -1, -1, -1, -1, -1, -1, -1, -1, -1, -1, -1, -1, -1, -1, -1, -1, -1, -1, -1, -1, -1, -1, -1, -1, -1, -1, -1, -1, -1, -1, -1, -1, -1, -1, -1, -1, -1, -1, -1, -1, -1, -1, -1, -1, -1, -1, -1, -1, -1, -1, -1, -1, -1, -1, -1, -1, -1, -1, -1, -1, -1, -1, -1, -1, -1, -1, -1, -1, -1, -1, -1, -1, -1, -1, 1, 1, 1, 1, 1, 1, 1, 1, -1, 1, 0, 1, 1, 1, 1, 1, 1, 1, 1, 0, -1, 1, 1, 1, 1, 1, 0, 1, 1, 1, 1, 1, 1, 1, 0, 1, 1, 1, 1, 1, 0, 1, 1, -1, -1, -1, -1, -1, -1, -1, -1, -1, -1, -1, -1, -1),
(180, '2024-04-15', '21:06:00.000000', '15', -1, -1, -1, -1, -1, -1, -1, -1, -1, -1, -1, -1, -1, -1, -1, -1, -1, -1, -1, -1, -1, -1, -1, -1, -1, -1, -1, -1, -1, -1, -1, -1, -1, -1, -1, -1, -1, -1, -1, -1, -1, -1, -1, -1, -1, -1, -1, -1, -1, -1, -1, -1, -1, -1, -1, -1, -1, -1, -1, -1, -1, -1, -1, -1, -1, -1, -1, -1, -1, -1, -1, -1, -1, -1, -1, -1, -1, -1, -1, -1, -1, -1, -1, -1, -1, -1, -1, -1, -1, -1, -1, -1, -1, -1, -1, -1, -1, -1, -1, -1, 1, 1, 1, 1, 1, 1, 1, 1, -1, 1, 1, 1, 1, 0, 1, 1, 1, 1, 0, 1, -1, 1, 0, 1, 1, 1, 0, 1, 1, 1, 1, 1, 0, 1, 1, 1, 1, 1, 1, 1, 1, 0, 1, -1, -1, -1, -1, -1, -1, -1, -1, -1, -1, -1, -1, -1),
(181, '2024-04-16', '21:07:00.000000', '15', -1, -1, -1, -1, -1, -1, -1, -1, -1, -1, -1, -1, -1, -1, -1, -1, -1, -1, -1, -1, -1, -1, -1, -1, -1, -1, -1, -1, -1, -1, -1, -1, -1, -1, -1, -1, -1, -1, -1, -1, -1, -1, -1, -1, -1, -1, -1, -1, -1, -1, -1, -1, -1, -1, -1, -1, -1, -1, -1, -1, -1, -1, -1, -1, -1, -1, -1, -1, -1, -1, -1, -1, -1, -1, -1, -1, -1, -1, -1, -1, -1, -1, -1, -1, -1, -1, -1, -1, -1, -1, -1, -1, -1, -1, -1, -1, -1, -1, -1, -1, 1, 1, 1, 0, 1, 1, 1, 1, -1, 1, 1, 1, 1, 1, 1, 1, 1, 1, 0, 1, -1, 1, 1, 1, 0, 1, 1, 1, 1, 1, 0, 1, 1, 1, 1, 1, 0, 1, 1, 1, 1, 1, 0, -1, -1, -1, -1, -1, -1, -1, -1, -1, -1, -1, -1, -1),
(182, '2024-04-17', '21:07:00.000000', '15', -1, -1, -1, -1, -1, -1, -1, -1, -1, -1, -1, -1, -1, -1, -1, -1, -1, -1, -1, -1, -1, -1, -1, -1, -1, -1, -1, -1, -1, -1, -1, -1, -1, -1, -1, -1, -1, -1, -1, -1, -1, -1, -1, -1, -1, -1, -1, -1, -1, -1, -1, -1, -1, -1, -1, -1, -1, -1, -1, -1, -1, -1, -1, -1, -1, -1, -1, -1, -1, -1, -1, -1, -1, -1, -1, -1, -1, -1, -1, -1, -1, -1, -1, -1, -1, -1, -1, -1, -1, -1, -1, -1, -1, -1, -1, -1, -1, -1, -1, -1, 1, 1, 0, 1, 1, 1, 1, 0, -1, 1, 1, 1, 1, 1, 1, 0, 1, 1, 1, 1, -1, 1, 1, 1, 1, 0, 1, 1, 0, 1, 1, 1, 1, 1, 0, 1, 1, 1, 0, 1, 1, 1, 1, -1, -1, -1, -1, -1, -1, -1, -1, -1, -1, -1, -1, -1),
(183, '2024-04-17', '22:51:00.000000', '17', -1, -1, -1, -1, -1, -1, -1, -1, -1, -1, -1, -1, -1, -1, -1, -1, -1, -1, -1, -1, -1, -1, -1, -1, -1, -1, -1, -1, -1, -1, -1, -1, -1, -1, -1, -1, -1, -1, -1, -1, -1, -1, -1, -1, -1, -1, -1, -1, -1, -1, -1, -1, -1, -1, -1, -1, -1, -1, -1, -1, -1, -1, -1, -1, -1, -1, -1, -1, -1, -1, -1, -1, -1, -1, -1, -1, -1, -1, -1, -1, -1, -1, -1, -1, -1, -1, -1, -1, -1, -1, -1, -1, -1, -1, -1, -1, -1, -1, -1, -1, 1, 1, 1, 0, 1, 1, 1, 1, -1, 0, 0, 1, 1, 1, 1, 1, 1, 1, 1, 0, -1, 1, 0, 0, 1, 0, 1, 1, 1, 1, 1, 1, 1, 1, 1, 1, 1, 1, 1, 1, 1, 0, 1, -1, -1, -1, -1, -1, -1, -1, -1, -1, -1, -1, -1, -1),
(184, '2024-04-16', '22:52:00.000000', '17', -1, -1, -1, -1, -1, -1, -1, -1, -1, -1, -1, -1, -1, -1, -1, -1, -1, -1, -1, -1, -1, -1, -1, -1, -1, -1, -1, -1, -1, -1, -1, -1, -1, -1, -1, -1, -1, -1, -1, -1, -1, -1, -1, -1, -1, -1, -1, -1, -1, -1, -1, -1, -1, -1, -1, -1, -1, -1, -1, -1, -1, -1, -1, -1, -1, -1, -1, -1, -1, -1, -1, -1, -1, -1, -1, -1, -1, -1, -1, -1, -1, -1, -1, -1, -1, -1, -1, -1, -1, -1, -1, -1, -1, -1, -1, -1, -1, -1, -1, -1, 1, 0, 1, 0, 1, 0, 1, 1, -1, 1, 1, 1, 1, 1, 1, 1, 1, 1, 1, 1, -1, 1, 1, 1, 1, 1, 1, 1, 1, 1, 1, 1, 1, 1, 1, 1, 1, 1, 1, 1, 1, 1, 1, -1, -1, -1, -1, -1, -1, -1, -1, -1, -1, -1, -1, -1),
(185, '2024-04-14', '22:52:00.000000', '17', -1, -1, -1, -1, -1, -1, -1, -1, -1, -1, -1, -1, -1, -1, -1, -1, -1, -1, -1, -1, -1, -1, -1, -1, -1, -1, -1, -1, -1, -1, -1, -1, -1, -1, -1, -1, -1, -1, -1, -1, -1, -1, -1, -1, -1, -1, -1, -1, -1, -1, -1, -1, -1, -1, -1, -1, -1, -1, -1, -1, -1, -1, -1, -1, -1, -1, -1, -1, -1, -1, -1, -1, -1, -1, -1, -1, -1, -1, -1, -1, -1, -1, -1, -1, -1, -1, -1, -1, -1, -1, -1, -1, -1, -1, -1, -1, -1, -1, -1, -1, 1, 1, 1, 1, 1, 1, 1, 1, -1, 0, 1, 1, 1, 0, 1, 1, 1, 1, 0, 1, -1, 1, 1, 1, 1, 0, 1, 1, 1, 1, 1, 1, 1, 1, 1, 1, 1, 1, 1, 1, 1, 1, 1, -1, -1, -1, -1, -1, -1, -1, -1, -1, -1, -1, -1, -1),
(186, '2024-04-12', '22:53:00.000000', '17', -1, -1, -1, -1, -1, -1, -1, -1, -1, -1, -1, -1, -1, -1, -1, -1, -1, -1, -1, -1, -1, -1, -1, -1, -1, -1, -1, -1, -1, -1, -1, -1, -1, -1, -1, -1, -1, -1, -1, -1, -1, -1, -1, -1, -1, -1, -1, -1, -1, -1, -1, -1, -1, -1, -1, -1, -1, -1, -1, -1, -1, -1, -1, -1, -1, -1, -1, -1, -1, -1, -1, -1, -1, -1, -1, -1, -1, -1, -1, -1, -1, -1, -1, -1, -1, -1, -1, -1, -1, -1, -1, -1, -1, -1, -1, -1, -1, -1, -1, -1, 0, 1, 1, 1, 1, 1, 0, 1, -1, 1, 1, 1, 1, 0, 1, 1, 1, 1, 1, 1, -1, 1, 1, 1, 0, 1, 1, 1, 1, 1, 1, 1, 1, 1, 1, 1, 0, 1, 1, 1, 1, 1, 1, -1, -1, -1, -1, -1, -1, -1, -1, -1, -1, -1, -1, -1),
(187, '2024-04-17', '22:54:00.000000', '17', -1, -1, -1, -1, -1, -1, -1, -1, -1, -1, -1, -1, -1, -1, -1, -1, -1, -1, -1, -1, -1, -1, -1, -1, -1, -1, -1, -1, -1, -1, -1, -1, -1, -1, -1, -1, -1, -1, -1, -1, -1, -1, -1, -1, -1, -1, -1, -1, -1, -1, -1, -1, -1, -1, -1, -1, -1, -1, -1, -1, -1, -1, -1, -1, -1, -1, -1, -1, -1, -1, -1, -1, -1, -1, -1, -1, -1, -1, -1, -1, -1, -1, -1, -1, -1, -1, -1, -1, -1, -1, -1, -1, -1, -1, -1, -1, -1, -1, -1, -1, 1, 1, 0, 1, 1, 1, 1, 1, -1, 1, 1, 1, 1, 1, 1, 1, 1, 1, 1, 1, -1, 1, 1, 1, 1, 1, 1, 1, 1, 1, 1, 1, 0, 1, 1, 1, 1, 0, 1, 1, 1, 1, 1, -1, -1, -1, -1, -1, -1, -1, -1, -1, -1, -1, -1, -1),
(188, '2024-04-10', '22:54:00.000000', '17', -1, -1, -1, -1, -1, -1, -1, -1, -1, -1, -1, -1, -1, -1, -1, -1, -1, -1, -1, -1, -1, -1, -1, -1, -1, -1, -1, -1, -1, -1, -1, -1, -1, -1, -1, -1, -1, -1, -1, -1, -1, -1, -1, -1, -1, -1, -1, -1, -1, -1, -1, -1, -1, -1, -1, -1, -1, -1, -1, -1, -1, -1, -1, -1, -1, -1, -1, -1, -1, -1, -1, -1, -1, -1, -1, -1, -1, -1, -1, -1, -1, -1, -1, -1, -1, -1, -1, -1, -1, -1, -1, -1, -1, -1, -1, -1, -1, -1, -1, -1, 1, 1, 1, 1, 0, 1, 1, 1, -1, 0, 0, 0, 1, 1, 1, 1, 0, 0, 1, 1, -1, 1, 1, 0, 1, 1, 1, 1, 1, 0, 1, 1, 1, 1, 0, 1, 1, 1, 0, 1, 1, 1, 1, -1, -1, -1, -1, -1, -1, -1, -1, -1, -1, -1, -1, -1),
(189, '2024-04-08', '22:55:00.000000', '17', -1, -1, -1, -1, -1, -1, -1, -1, -1, -1, -1, -1, -1, -1, -1, -1, -1, -1, -1, -1, -1, -1, -1, -1, -1, -1, -1, -1, -1, -1, -1, -1, -1, -1, -1, -1, -1, -1, -1, -1, -1, -1, -1, -1, -1, -1, -1, -1, -1, -1, -1, -1, -1, -1, -1, -1, -1, -1, -1, -1, -1, -1, -1, -1, -1, -1, -1, -1, -1, -1, -1, -1, -1, -1, -1, -1, -1, -1, -1, -1, -1, -1, -1, -1, -1, -1, -1, -1, -1, -1, -1, -1, -1, -1, -1, -1, -1, -1, -1, -1, 1, 1, 1, 1, 1, 0, 1, 1, -1, 0, 0, 0, 0, 1, 1, 1, 1, 1, 0, 1, -1, 1, 1, 1, 0, 1, 1, 1, 1, 0, 1, 1, 1, 1, 0, 1, 1, 0, 1, 1, 1, 1, 0, -1, -1, -1, -1, -1, -1, -1, -1, -1, -1, -1, -1, -1),
(190, '2024-04-06', '22:55:00.000000', '17', -1, -1, -1, -1, -1, -1, -1, -1, -1, -1, -1, -1, -1, -1, -1, -1, -1, -1, -1, -1, -1, -1, -1, -1, -1, -1, -1, -1, -1, -1, -1, -1, -1, -1, -1, -1, -1, -1, -1, -1, -1, -1, -1, -1, -1, -1, -1, -1, -1, -1, -1, -1, -1, -1, -1, -1, -1, -1, -1, -1, -1, -1, -1, -1, -1, -1, -1, -1, -1, -1, -1, -1, -1, -1, -1, -1, -1, -1, -1, -1, -1, -1, -1, -1, -1, -1, -1, -1, -1, -1, -1, -1, -1, -1, -1, -1, -1, -1, -1, -1, 1, 1, 0, 1, 1, 1, 1, 0, -1, 0, 0, 0, 1, 0, 0, 1, 0, 1, 1, 1, -1, 1, 0, 1, 1, 1, 0, 0, 1, 1, 1, 1, 0, 1, 1, 1, 0, 1, 1, 0, 1, 0, 0, -1, -1, -1, -1, -1, -1, -1, -1, -1, -1, -1, -1, -1),
(191, '2024-04-05', '22:56:00.000000', '17', -1, -1, -1, -1, -1, -1, -1, -1, -1, -1, -1, -1, -1, -1, -1, -1, -1, -1, -1, -1, -1, -1, -1, -1, -1, -1, -1, -1, -1, -1, -1, -1, -1, -1, -1, -1, -1, -1, -1, -1, -1, -1, -1, -1, -1, -1, -1, -1, -1, -1, -1, -1, -1, -1, -1, -1, -1, -1, -1, -1, -1, -1, -1, -1, -1, -1, -1, -1, -1, -1, -1, -1, -1, -1, -1, -1, -1, -1, -1, -1, -1, -1, -1, -1, -1, -1, -1, -1, -1, -1, -1, -1, -1, -1, -1, -1, -1, -1, -1, -1, 0, 1, 1, 1, 1, 0, 1, 1, -1, 1, 0, 1, 1, 1, 1, 1, 0, 1, 1, 1, -1, 0, 1, 1, 1, 1, 1, 0, 1, 1, 1, 1, 1, 0, 1, 1, 1, 0, 1, 1, 1, 1, 0, -1, -1, -1, -1, -1, -1, -1, -1, -1, -1, -1, -1, -1),
(192, '2024-04-03', '22:56:00.000000', '17', -1, -1, -1, -1, -1, -1, -1, -1, -1, -1, -1, -1, -1, -1, -1, -1, -1, -1, -1, -1, -1, -1, -1, -1, -1, -1, -1, -1, -1, -1, -1, -1, -1, -1, -1, -1, -1, -1, -1, -1, -1, -1, -1, -1, -1, -1, -1, -1, -1, -1, -1, -1, -1, -1, -1, -1, -1, -1, -1, -1, -1, -1, -1, -1, -1, -1, -1, -1, -1, -1, -1, -1, -1, -1, -1, -1, -1, -1, -1, -1, -1, -1, -1, -1, -1, -1, -1, -1, -1, -1, -1, -1, -1, -1, -1, -1, -1, -1, -1, -1, 0, 1, 1, 1, 1, 1, 1, 1, -1, 1, 1, 1, 1, 0, 1, 1, 1, 1, 0, 1, -1, 1, 1, 1, 0, 1, 1, 1, 1, 1, 1, 0, 1, 1, 1, 1, 1, 1, 1, 1, 1, 1, 0, -1, -1, -1, -1, -1, -1, -1, -1, -1, -1, -1, -1, -1),
(193, '2024-04-05', '22:57:00.000000', '18', -1, -1, -1, -1, -1, -1, -1, -1, -1, -1, -1, -1, -1, -1, -1, -1, -1, -1, -1, -1, -1, -1, -1, -1, -1, -1, -1, -1, -1, -1, -1, -1, -1, -1, -1, -1, -1, -1, -1, -1, -1, -1, -1, -1, -1, -1, -1, -1, -1, -1, -1, -1, -1, -1, -1, -1, -1, -1, -1, -1, -1, -1, -1, -1, -1, -1, -1, -1, -1, -1, -1, -1, -1, -1, -1, -1, -1, -1, -1, -1, -1, -1, -1, -1, -1, -1, -1, -1, -1, -1, -1, -1, -1, -1, -1, -1, -1, -1, -1, -1, 1, 1, 1, 1, 1, 1, 1, 0, -1, 1, 1, 1, 0, 1, 1, 1, 1, 0, 1, 1, -1, 1, 1, 0, 1, 1, 1, 1, 0, 1, 0, 0, 1, 1, 1, 1, 1, 1, 0, 1, 1, 1, 0, -1, -1, -1, -1, -1, -1, -1, -1, -1, -1, -1, -1, -1),
(194, '2024-04-09', '22:58:00.000000', '18', -1, -1, -1, -1, -1, -1, -1, -1, -1, -1, -1, -1, -1, -1, -1, -1, -1, -1, -1, -1, -1, -1, -1, -1, -1, -1, -1, -1, -1, -1, -1, -1, -1, -1, -1, -1, -1, -1, -1, -1, -1, -1, -1, -1, -1, -1, -1, -1, -1, -1, -1, -1, -1, -1, -1, -1, -1, -1, -1, -1, -1, -1, -1, -1, -1, -1, -1, -1, -1, -1, -1, -1, -1, -1, -1, -1, -1, -1, -1, -1, -1, -1, -1, -1, -1, -1, -1, -1, -1, -1, -1, -1, -1, -1, -1, -1, -1, -1, -1, -1, 1, 1, 1, 0, 1, 1, 1, 0, -1, 1, 1, 1, 0, 1, 1, 1, 1, 0, 1, 1, -1, 1, 1, 0, 1, 1, 1, 1, 0, 1, 1, 1, 1, 0, 1, 1, 1, 1, 1, 1, 1, 0, 1, -1, -1, -1, -1, -1, -1, -1, -1, -1, -1, -1, -1, -1),
(195, '2024-04-12', '22:58:00.000000', '18', -1, -1, -1, -1, -1, -1, -1, -1, -1, -1, -1, -1, -1, -1, -1, -1, -1, -1, -1, -1, -1, -1, -1, -1, -1, -1, -1, -1, -1, -1, -1, -1, -1, -1, -1, -1, -1, -1, -1, -1, -1, -1, -1, -1, -1, -1, -1, -1, -1, -1, -1, -1, -1, -1, -1, -1, -1, -1, -1, -1, -1, -1, -1, -1, -1, -1, -1, -1, -1, -1, -1, -1, -1, -1, -1, -1, -1, -1, -1, -1, -1, -1, -1, -1, -1, -1, -1, -1, -1, -1, -1, -1, -1, -1, -1, -1, -1, -1, -1, -1, 1, 0, 1, 1, 1, 1, 0, 1, -1, 1, 1, 1, 0, 1, 1, 1, 1, 1, 1, 1, -1, 1, 0, 1, 1, 1, 1, 1, 0, 1, 1, 1, 1, 1, 1, 1, 1, 1, 1, 1, 1, 0, 1, -1, -1, -1, -1, -1, -1, -1, -1, -1, -1, -1, -1, -1),
(196, '2024-04-15', '22:59:00.000000', '18', -1, -1, -1, -1, -1, -1, -1, -1, -1, -1, -1, -1, -1, -1, -1, -1, -1, -1, -1, -1, -1, -1, -1, -1, -1, -1, -1, -1, -1, -1, -1, -1, -1, -1, -1, -1, -1, -1, -1, -1, -1, -1, -1, -1, -1, -1, -1, -1, -1, -1, -1, -1, -1, -1, -1, -1, -1, -1, -1, -1, -1, -1, -1, -1, -1, -1, -1, -1, -1, -1, -1, -1, -1, -1, -1, -1, -1, -1, -1, -1, -1, -1, -1, -1, -1, -1, -1, -1, -1, -1, -1, -1, -1, -1, -1, -1, -1, -1, -1, -1, 0, 1, 1, 1, 1, 1, 1, 1, -1, 0, 1, 1, 1, 1, 1, 1, 1, 1, 1, 0, -1, 1, 1, 1, 1, 0, 1, 1, 1, 1, 1, 1, 0, 1, 1, 1, 1, 1, 1, 0, 1, 1, 1, -1, -1, -1, -1, -1, -1, -1, -1, -1, -1, -1, -1, -1),
(197, '2024-04-03', '23:00:00.000000', '19', -1, -1, -1, -1, -1, -1, -1, -1, -1, -1, -1, -1, -1, -1, -1, -1, -1, -1, -1, -1, -1, -1, -1, -1, -1, -1, -1, -1, -1, -1, -1, -1, -1, -1, -1, -1, -1, -1, -1, -1, -1, -1, -1, -1, -1, -1, -1, -1, -1, -1, -1, -1, -1, -1, -1, -1, -1, -1, -1, -1, -1, -1, -1, -1, -1, -1, -1, -1, -1, -1, -1, -1, -1, -1, -1, -1, -1, -1, -1, -1, -1, -1, -1, -1, -1, -1, -1, -1, -1, -1, -1, -1, -1, -1, -1, -1, -1, -1, -1, -1, 1, 1, 1, 0, 0, 1, 1, 1, -1, 0, 1, 1, 1, 1, 1, 1, 0, 1, 1, 1, -1, 0, 1, 1, 1, 1, 0, 1, 1, 1, 1, 0, 0, 1, 1, 1, 0, 1, 1, 1, 1, 0, 1, -1, -1, -1, -1, -1, -1, -1, -1, -1, -1, -1, -1, -1),
(198, '2024-04-07', '23:00:00.000000', '19', -1, -1, -1, -1, -1, -1, -1, -1, -1, -1, -1, -1, -1, -1, -1, -1, -1, -1, -1, -1, -1, -1, -1, -1, -1, -1, -1, -1, -1, -1, -1, -1, -1, -1, -1, -1, -1, -1, -1, -1, -1, -1, -1, -1, -1, -1, -1, -1, -1, -1, -1, -1, -1, -1, -1, -1, -1, -1, -1, -1, -1, -1, -1, -1, -1, -1, -1, -1, -1, -1, -1, -1, -1, -1, -1, -1, -1, -1, -1, -1, -1, -1, -1, -1, -1, -1, -1, -1, -1, -1, -1, -1, -1, -1, -1, -1, -1, -1, -1, -1, 1, 1, 0, 1, 1, 1, 1, 0, -1, 1, 1, 1, 1, 1, 1, 1, 1, 1, 0, 1, -1, 0, 1, 0, 0, 1, 0, 0, 1, 1, 1, 1, 1, 0, 1, 1, 0, 1, 1, 0, 1, 1, 1, -1, -1, -1, -1, -1, -1, -1, -1, -1, -1, -1, -1, -1),
(199, '2024-04-10', '23:01:00.000000', '19', -1, -1, -1, -1, -1, -1, -1, -1, -1, -1, -1, -1, -1, -1, -1, -1, -1, -1, -1, -1, -1, -1, -1, -1, -1, -1, -1, -1, -1, -1, -1, -1, -1, -1, -1, -1, -1, -1, -1, -1, -1, -1, -1, -1, -1, -1, -1, -1, -1, -1, -1, -1, -1, -1, -1, -1, -1, -1, -1, -1, -1, -1, -1, -1, -1, -1, -1, -1, -1, -1, -1, -1, -1, -1, -1, -1, -1, -1, -1, -1, -1, -1, -1, -1, -1, -1, -1, -1, -1, -1, -1, -1, -1, -1, -1, -1, -1, -1, -1, -1, 1, 1, 1, 0, 1, 1, 1, 0, -1, 1, 1, 1, 0, 1, 1, 1, 0, 1, 1, 1, -1, 1, 1, 1, 0, 1, 0, 0, 1, 0, 1, 1, 1, 0, 1, 0, 1, 1, 0, -1, 0, 1, 0, -1, -1, -1, -1, -1, -1, -1, -1, -1, -1, -1, -1, -1),
(200, '2024-04-13', '23:01:00.000000', '19', -1, -1, -1, -1, -1, -1, -1, -1, -1, -1, -1, -1, -1, -1, -1, -1, -1, -1, -1, -1, -1, -1, -1, -1, -1, -1, -1, -1, -1, -1, -1, -1, -1, -1, -1, -1, -1, -1, -1, -1, -1, -1, -1, -1, -1, -1, -1, -1, -1, -1, -1, -1, -1, -1, -1, -1, -1, -1, -1, -1, -1, -1, -1, -1, -1, -1, -1, -1, -1, -1, -1, -1, -1, -1, -1, -1, -1, -1, -1, -1, -1, -1, -1, -1, -1, -1, -1, -1, -1, -1, -1, -1, -1, -1, -1, -1, -1, -1, -1, -1, 1, 0, 1, 1, 1, 1, 0, 1, -1, 1, 1, 1, 1, 1, 1, 1, 1, 0, 1, 1, -1, 1, 1, 1, 1, 0, 1, 1, 1, 1, 1, 1, 0, 1, 1, 1, 1, 0, 1, 1, 1, 1, 1, -1, -1, -1, -1, -1, -1, -1, -1, -1, -1, -1, -1, -1),
(201, '2024-04-12', '23:02:00.000000', '19', -1, -1, -1, -1, -1, -1, -1, -1, -1, -1, -1, -1, -1, -1, -1, -1, -1, -1, -1, -1, -1, -1, -1, -1, -1, -1, -1, -1, -1, -1, -1, -1, -1, -1, -1, -1, -1, -1, -1, -1, -1, -1, -1, -1, -1, -1, -1, -1, -1, -1, -1, -1, -1, -1, -1, -1, -1, -1, -1, -1, -1, -1, -1, -1, -1, -1, -1, -1, -1, -1, -1, -1, -1, -1, -1, -1, -1, -1, -1, -1, -1, -1, -1, -1, -1, -1, -1, -1, -1, -1, -1, -1, -1, -1, -1, -1, -1, -1, -1, -1, 1, 1, 1, 1, 1, 0, 1, 1, -1, 1, 0, 1, 1, 1, 1, 1, 0, 1, 1, 1, -1, 1, 0, 1, 1, 1, 1, 1, 0, 1, 1, 1, 1, 1, 0, 1, 1, 1, 0, 0, 0, 1, 1, -1, -1, -1, -1, -1, -1, -1, -1, -1, -1, -1, -1, -1),
(202, '2024-04-15', '23:02:00.000000', '19', -1, -1, -1, -1, -1, -1, -1, -1, -1, -1, -1, -1, -1, -1, -1, -1, -1, -1, -1, -1, -1, -1, -1, -1, -1, -1, -1, -1, -1, -1, -1, -1, -1, -1, -1, -1, -1, -1, -1, -1, -1, -1, -1, -1, -1, -1, -1, -1, -1, -1, -1, -1, -1, -1, -1, -1, -1, -1, -1, -1, -1, -1, -1, -1, -1, -1, -1, -1, -1, -1, -1, -1, -1, -1, -1, -1, -1, -1, -1, -1, -1, -1, -1, -1, -1, -1, -1, -1, -1, -1, -1, -1, -1, -1, -1, -1, -1, -1, -1, -1, 1, 1, 1, 0, 1, 1, 1, 1, -1, 1, 0, 1, 0, 0, 1, 0, 0, 1, 1, 1, -1, 0, 1, 0, 0, 1, 1, 1, 1, 1, 0, 1, 1, 0, 0, 1, 0, 1, 0, 0, -1, 0, 1, -1, -1, -1, -1, -1, -1, -1, -1, -1, -1, -1, -1, -1),
(203, '2024-04-03', '23:05:00.000000', '20', -1, -1, -1, -1, -1, -1, -1, -1, -1, -1, -1, -1, -1, -1, -1, -1, -1, -1, -1, -1, -1, -1, -1, -1, -1, -1, -1, -1, -1, -1, -1, -1, -1, -1, -1, -1, -1, -1, -1, -1, -1, -1, -1, -1, -1, -1, -1, -1, -1, -1, -1, -1, -1, -1, -1, -1, -1, -1, -1, -1, -1, -1, -1, -1, -1, -1, -1, -1, -1, -1, -1, -1, -1, -1, -1, -1, -1, -1, -1, -1, -1, -1, -1, -1, -1, -1, -1, -1, -1, -1, -1, -1, -1, -1, -1, -1, -1, -1, -1, -1, 1, 1, 0, 1, 1, 1, 1, 1, -1, 0, 1, 1, 1, 1, 1, 0, 1, 1, 1, 0, -1, 1, 1, 1, 1, 1, 0, 1, 1, 1, 1, 1, 1, 1, 0, 1, 1, 1, 1, 1, 1, 0, 1, -1, -1, -1, -1, -1, -1, -1, -1, -1, -1, -1, -1, -1),
(204, '2024-04-11', '23:08:00.000000', '20', -1, -1, -1, -1, -1, -1, -1, -1, -1, -1, -1, -1, -1, -1, -1, -1, -1, -1, -1, -1, -1, -1, -1, -1, -1, -1, -1, -1, -1, -1, -1, -1, -1, -1, -1, -1, -1, -1, -1, -1, -1, -1, -1, -1, -1, -1, -1, -1, -1, -1, -1, -1, -1, -1, -1, -1, -1, -1, -1, -1, -1, -1, -1, -1, -1, -1, -1, -1, -1, -1, -1, -1, -1, -1, -1, -1, -1, -1, -1, -1, -1, -1, -1, -1, -1, -1, -1, -1, -1, -1, -1, -1, -1, -1, -1, -1, -1, -1, -1, -1, 1, 0, 1, 1, 1, 1, 1, 1, -1, 1, 1, 1, 1, 1, 1, 0, 1, 1, 1, 0, -1, 1, 1, 1, 1, 1, 1, 0, 0, 1, 1, 1, 1, 1, 0, 1, 1, 1, 1, 1, 0, 1, 1, -1, -1, -1, -1, -1, -1, -1, -1, -1, -1, -1, -1, -1),
(205, '2024-04-16', '23:12:00.000000', '20', -1, -1, -1, -1, -1, -1, -1, -1, -1, -1, -1, -1, -1, -1, -1, -1, -1, -1, -1, -1, -1, -1, -1, -1, -1, -1, -1, -1, -1, -1, -1, -1, -1, -1, -1, -1, -1, -1, -1, -1, -1, -1, -1, -1, -1, -1, -1, -1, -1, -1, -1, -1, -1, -1, -1, -1, -1, -1, -1, -1, -1, -1, -1, -1, -1, -1, -1, -1, -1, -1, -1, -1, -1, -1, -1, -1, -1, -1, -1, -1, -1, -1, -1, -1, -1, -1, -1, -1, -1, -1, -1, -1, -1, -1, -1, -1, -1, -1, -1, -1, 1, 0, 1, 1, 1, 1, 0, 1, -1, 1, 1, 0, 1, 0, 0, 1, 0, 0, 1, 0, -1, 0, 1, 0, 0, 1, 1, 1, 0, 1, 1, 1, 0, 1, 1, 1, 1, 0, 1, 0, 0, 1, 0, -1, -1, -1, -1, -1, -1, -1, -1, -1, -1, -1, -1, -1),
(206, '2024-04-02', '05:29:00.000000', '16', -1, -1, -1, -1, -1, -1, -1, -1, -1, -1, -1, -1, -1, -1, -1, -1, -1, -1, -1, -1, -1, -1, -1, -1, -1, -1, -1, -1, -1, -1, -1, -1, -1, -1, -1, -1, -1, -1, -1, -1, -1, -1, -1, -1, -1, -1, -1, -1, -1, -1, -1, -1, -1, -1, -1, -1, -1, -1, -1, -1, -1, -1, -1, -1, -1, -1, -1, -1, -1, -1, -1, -1, -1, -1, -1, -1, -1, -1, -1, -1, -1, -1, -1, -1, -1, -1, -1, -1, -1, -1, -1, -1, -1, -1, -1, -1, -1, -1, -1, -1, 1, 1, 1, 1, 1, 0, 1, 1, -1, 1, 1, 0, 1, 1, 1, 1, 1, 0, 1, 1, -1, 1, 1, 1, 0, 1, 1, 1, 1, 1, 1, 0, 1, 1, 1, 1, 1, 1, 1, 1, 1, 1, 1, -1, -1, -1, -1, -1, -1, -1, -1, -1, -1, -1, -1, -1);
INSERT INTO `attendence` (`id`, `date`, `time`, `subject`, `S_1`, `S_2`, `S_3`, `S_4`, `S_5`, `S_6`, `S_7`, `S_8`, `S_9`, `S_10`, `S_11`, `S_12`, `S_13`, `S_14`, `S_15`, `S_16`, `S_17`, `S_18`, `S_19`, `S_20`, `S_21`, `S_22`, `S_23`, `S_24`, `S_25`, `S_26`, `S_27`, `S_28`, `S_29`, `S_30`, `S_31`, `S_32`, `S_33`, `S_34`, `S_35`, `S_36`, `S_37`, `S_38`, `S_39`, `S_40`, `S_41`, `S_42`, `S_43`, `S_44`, `S_45`, `S_46`, `S_47`, `S_48`, `S_49`, `S_50`, `S_51`, `S_52`, `S_53`, `S_54`, `S_55`, `S_56`, `S_57`, `S_58`, `S_59`, `S_60`, `S_61`, `S_62`, `S_63`, `S_64`, `S_65`, `S_66`, `S_67`, `S_68`, `S_69`, `S_70`, `S_71`, `S_72`, `S_73`, `S_74`, `S_75`, `S_76`, `S_77`, `S_78`, `S_79`, `S_80`, `S_81`, `S_82`, `S_83`, `S_84`, `S_85`, `S_86`, `S_87`, `S_88`, `S_89`, `S_90`, `S_91`, `S_92`, `S_93`, `S_94`, `S_95`, `S_96`, `S_97`, `S_98`, `S_99`, `S_100`, `S_2010410349`, `S_2110510001`, `S_2110510002`, `S_2110510003`, `S_2110510005`, `S_2110510006`, `S_2110510007`, `S_2110510008`, `S_2110510010`, `S_2110510011`, `S_2110510012`, `S_2110510013`, `S_2110510014`, `S_2110510015`, `S_2110510017`, `S_2110510018`, `S_2110510019`, `S_2110510023`, `S_2110510025`, `S_2110510026`, `S_`, `S_2110510030`, `S_2110510031`, `S_2110510032`, `S_2110510033`, `S_2110510034`, `S_2110510035`, `S_2110510036`, `S_2110510037`, `S_2110510038`, `S_2110510039`, `S_2110510040`, `S_2110510041`, `S_2110510042`, `S_2210510043`, `S_2110510044`, `S_2110510045`, `S_2110510046`, `S_2110510047`, `S_2110510049`, `S_2110510050`, `S_2110510051`, `S_2110510053`, `S_2110510246`, `S_211010510248`, `S_2110510249`, `S_2110410250`, `S_211051251`, `S_2110510252`, `S_2110510253`, `S_2110151001`, `S_211051002`, `S_211051003`, `S_2110510004`, `S_211051006`, `S_211051020`) VALUES
(207, '2024-04-18', '05:30:00.000000', '16', -1, -1, -1, -1, -1, -1, -1, -1, -1, -1, -1, -1, -1, -1, -1, -1, -1, -1, -1, -1, -1, -1, -1, -1, -1, -1, -1, -1, -1, -1, -1, -1, -1, -1, -1, -1, -1, -1, -1, -1, -1, -1, -1, -1, -1, -1, -1, -1, -1, -1, -1, -1, -1, -1, -1, -1, -1, -1, -1, -1, -1, -1, -1, -1, -1, -1, -1, -1, -1, -1, -1, -1, -1, -1, -1, -1, -1, -1, -1, -1, -1, -1, -1, -1, -1, -1, -1, -1, -1, -1, -1, -1, -1, -1, -1, -1, -1, -1, -1, -1, 1, 1, 1, 1, 0, 1, 1, 1, -1, 1, 0, 1, 1, 1, 1, 1, 1, 0, 1, 1, -1, 1, 1, 1, 1, 1, 1, 1, 0, 1, 1, 1, 1, 1, 1, 1, 1, 1, 1, 0, 1, 1, 1, -1, -1, -1, -1, -1, -1, -1, -1, -1, -1, -1, -1, -1),
(208, '2024-04-10', '05:30:00.000000', 'none', -1, -1, -1, -1, -1, -1, -1, -1, -1, -1, -1, -1, -1, -1, -1, -1, -1, -1, -1, -1, -1, -1, -1, -1, -1, -1, -1, -1, -1, -1, -1, -1, -1, -1, -1, -1, -1, -1, -1, -1, -1, -1, -1, -1, -1, -1, -1, -1, -1, -1, -1, -1, -1, -1, -1, -1, -1, -1, -1, -1, -1, -1, -1, -1, -1, -1, -1, -1, -1, -1, -1, -1, -1, -1, -1, -1, -1, -1, -1, -1, -1, -1, -1, -1, -1, -1, -1, -1, -1, -1, -1, -1, -1, -1, -1, -1, -1, -1, -1, -1, 1, 1, 1, 0, 1, 1, 1, 1, -1, 1, 1, 1, 1, 1, 0, 1, 1, 1, 1, 1, -1, 0, 1, 1, 1, 1, 1, 1, 0, 1, 1, 1, 1, 1, 1, 1, 1, 1, 0, 1, 1, 1, 1, -1, -1, -1, -1, -1, -1, -1, -1, -1, -1, -1, -1, -1),
(209, '2024-04-08', '05:31:00.000000', '16', -1, -1, -1, -1, -1, -1, -1, -1, -1, -1, -1, -1, -1, -1, -1, -1, -1, -1, -1, -1, -1, -1, -1, -1, -1, -1, -1, -1, -1, -1, -1, -1, -1, -1, -1, -1, -1, -1, -1, -1, -1, -1, -1, -1, -1, -1, -1, -1, -1, -1, -1, -1, -1, -1, -1, -1, -1, -1, -1, -1, -1, -1, -1, -1, -1, -1, -1, -1, -1, -1, -1, -1, -1, -1, -1, -1, -1, -1, -1, -1, -1, -1, -1, -1, -1, -1, -1, -1, -1, -1, -1, -1, -1, -1, -1, -1, -1, -1, -1, -1, 1, 1, 1, 0, 1, 1, 1, 1, -1, 1, 1, 1, 1, 1, 0, 1, 1, 1, 1, 1, -1, 0, 1, 1, 1, 1, 1, 1, 1, 1, 1, 1, 1, 1, 1, 1, 1, 1, 1, 1, 1, 1, 1, -1, -1, -1, -1, -1, -1, -1, -1, -1, -1, -1, -1, -1),
(210, '2024-04-13', '05:32:00.000000', '16', -1, -1, -1, -1, -1, -1, -1, -1, -1, -1, -1, -1, -1, -1, -1, -1, -1, -1, -1, -1, -1, -1, -1, -1, -1, -1, -1, -1, -1, -1, -1, -1, -1, -1, -1, -1, -1, -1, -1, -1, -1, -1, -1, -1, -1, -1, -1, -1, -1, -1, -1, -1, -1, -1, -1, -1, -1, -1, -1, -1, -1, -1, -1, -1, -1, -1, -1, -1, -1, -1, -1, -1, -1, -1, -1, -1, -1, -1, -1, -1, -1, -1, -1, -1, -1, -1, -1, -1, -1, -1, -1, -1, -1, -1, -1, -1, -1, -1, -1, -1, 1, 1, 1, 1, 0, 1, 1, 1, -1, 1, 0, 1, 1, 1, 1, 0, 1, 1, 1, 1, -1, 1, 0, 1, 1, 1, 1, 1, 1, 0, 1, 1, 1, 1, 1, 1, 1, 1, 1, 1, 1, 1, 1, -1, -1, -1, -1, -1, -1, -1, -1, -1, -1, -1, -1, -1),
(211, '2024-04-05', '05:34:00.000000', '12', -1, -1, -1, -1, -1, -1, -1, -1, -1, -1, -1, -1, -1, -1, -1, -1, -1, -1, -1, -1, -1, -1, -1, -1, -1, -1, -1, -1, -1, -1, -1, -1, -1, -1, -1, -1, -1, -1, -1, -1, -1, -1, -1, -1, -1, -1, -1, -1, -1, -1, -1, -1, -1, -1, -1, -1, -1, -1, -1, -1, -1, -1, -1, -1, -1, -1, -1, -1, -1, -1, -1, -1, -1, -1, -1, -1, -1, -1, -1, -1, -1, -1, -1, -1, -1, -1, -1, -1, -1, -1, -1, -1, -1, -1, -1, -1, -1, -1, -1, -1, 0, 1, 1, 1, 1, 1, 1, 1, -1, 1, 1, 1, 1, 0, 1, 1, 1, 1, 1, 1, -1, 1, 1, 0, 1, 1, 1, 1, 0, 1, 1, 1, 1, 0, 0, 1, 1, 1, 0, 1, 1, 1, 1, -1, -1, -1, -1, -1, -1, -1, -1, -1, -1, -1, -1, -1),
(212, '2024-04-07', '05:34:00.000000', '12', -1, -1, -1, -1, -1, -1, -1, -1, -1, -1, -1, -1, -1, -1, -1, -1, -1, -1, -1, -1, -1, -1, -1, -1, -1, -1, -1, -1, -1, -1, -1, -1, -1, -1, -1, -1, -1, -1, -1, -1, -1, -1, -1, -1, -1, -1, -1, -1, -1, -1, -1, -1, -1, -1, -1, -1, -1, -1, -1, -1, -1, -1, -1, -1, -1, -1, -1, -1, -1, -1, -1, -1, -1, -1, -1, -1, -1, -1, -1, -1, -1, -1, -1, -1, -1, -1, -1, -1, -1, -1, -1, -1, -1, -1, -1, -1, -1, -1, -1, -1, 1, 0, 1, 1, 1, 1, 1, 1, -1, 0, 1, 1, 1, 1, 1, 1, 1, 1, 1, 0, -1, 1, 1, 1, 1, 1, 1, 1, 1, 1, 1, 1, 0, 1, 1, 1, 0, 1, 1, 1, 1, 0, 1, -1, -1, -1, -1, -1, -1, -1, -1, -1, -1, -1, -1, -1),
(213, '2024-04-10', '05:35:00.000000', '12', -1, -1, -1, -1, -1, -1, -1, -1, -1, -1, -1, -1, -1, -1, -1, -1, -1, -1, -1, -1, -1, -1, -1, -1, -1, -1, -1, -1, -1, -1, -1, -1, -1, -1, -1, -1, -1, -1, -1, -1, -1, -1, -1, -1, -1, -1, -1, -1, -1, -1, -1, -1, -1, -1, -1, -1, -1, -1, -1, -1, -1, -1, -1, -1, -1, -1, -1, -1, -1, -1, -1, -1, -1, -1, -1, -1, -1, -1, -1, -1, -1, -1, -1, -1, -1, -1, -1, -1, -1, -1, -1, -1, -1, -1, -1, -1, -1, -1, -1, -1, 1, 1, 0, 1, 1, 1, 1, 0, -1, 1, 1, 1, 1, 1, 0, 1, 0, 0, 1, 0, -1, 1, 0, 1, -1, 1, 1, 1, 1, 0, 1, 1, 1, 1, 0, 1, 0, 1, 1, 1, 0, 1, 1, -1, -1, -1, -1, -1, -1, -1, -1, -1, -1, -1, -1, -1),
(214, '2024-04-14', '05:36:00.000000', '13', -1, -1, -1, -1, -1, -1, -1, -1, -1, -1, -1, -1, -1, -1, -1, -1, -1, -1, -1, -1, -1, -1, -1, -1, -1, -1, -1, -1, -1, -1, -1, -1, -1, -1, -1, -1, -1, -1, -1, -1, -1, -1, -1, -1, -1, -1, -1, -1, -1, -1, -1, -1, -1, -1, -1, -1, -1, -1, -1, -1, -1, -1, -1, -1, -1, -1, -1, -1, -1, -1, -1, -1, -1, -1, -1, -1, -1, -1, -1, -1, -1, -1, -1, -1, -1, -1, -1, -1, -1, -1, -1, -1, -1, -1, -1, -1, -1, -1, -1, -1, 1, 1, 1, 1, 0, 1, 1, 1, -1, 0, 1, 1, 1, 1, 0, 1, 0, 0, 1, 1, -1, 0, 0, 0, 1, 1, 1, 0, 0, 0, 1, 1, 1, 1, 0, 1, 1, 0, 1, 1, 1, 1, 0, -1, -1, -1, -1, -1, -1, -1, -1, -1, -1, -1, -1, -1),
(215, '2024-04-15', '05:36:00.000000', '12', -1, -1, -1, -1, -1, -1, -1, -1, -1, -1, -1, -1, -1, -1, -1, -1, -1, -1, -1, -1, -1, -1, -1, -1, -1, -1, -1, -1, -1, -1, -1, -1, -1, -1, -1, -1, -1, -1, -1, -1, -1, -1, -1, -1, -1, -1, -1, -1, -1, -1, -1, -1, -1, -1, -1, -1, -1, -1, -1, -1, -1, -1, -1, -1, -1, -1, -1, -1, -1, -1, -1, -1, -1, -1, -1, -1, -1, -1, -1, -1, -1, -1, -1, -1, -1, -1, -1, -1, -1, -1, -1, -1, -1, -1, -1, -1, -1, -1, -1, -1, 1, 1, 1, 0, 1, 1, 1, 1, -1, 0, 1, 1, 1, 0, 1, 1, 1, 1, 1, 0, -1, 1, 1, 1, 1, 0, 1, 1, 1, 0, 1, 1, 0, 1, 1, 0, 0, 1, 1, 0, 1, 0, 1, -1, -1, -1, -1, -1, -1, -1, -1, -1, -1, -1, -1, -1),
(216, '2024-04-14', '05:37:00.000000', '13', -1, -1, -1, -1, -1, -1, -1, -1, -1, -1, -1, -1, -1, -1, -1, -1, -1, -1, -1, -1, -1, -1, -1, -1, -1, -1, -1, -1, -1, -1, -1, -1, -1, -1, -1, -1, -1, -1, -1, -1, -1, -1, -1, -1, -1, -1, -1, -1, -1, -1, -1, -1, -1, -1, -1, -1, -1, -1, -1, -1, -1, -1, -1, -1, -1, -1, -1, -1, -1, -1, -1, -1, -1, -1, -1, -1, -1, -1, -1, -1, -1, -1, -1, -1, -1, -1, -1, -1, -1, -1, -1, -1, -1, -1, -1, -1, -1, -1, -1, -1, 1, 1, 1, 0, 1, 1, 1, 1, -1, 1, 1, 1, 1, 0, 1, 1, 1, 1, 0, 1, -1, 1, 1, 1, 0, 1, 1, 1, 0, 1, 1, 1, 1, 0, 1, 1, 1, 1, 0, 1, 0, 1, 1, -1, -1, -1, -1, -1, -1, -1, -1, -1, -1, -1, -1, -1),
(217, '2024-04-17', '05:38:00.000000', '13', -1, -1, -1, -1, -1, -1, -1, -1, -1, -1, -1, -1, -1, -1, -1, -1, -1, -1, -1, -1, -1, -1, -1, -1, -1, -1, -1, -1, -1, -1, -1, -1, -1, -1, -1, -1, -1, -1, -1, -1, -1, -1, -1, -1, -1, -1, -1, -1, -1, -1, -1, -1, -1, -1, -1, -1, -1, -1, -1, -1, -1, -1, -1, -1, -1, -1, -1, -1, -1, -1, -1, -1, -1, -1, -1, -1, -1, -1, -1, -1, -1, -1, -1, -1, -1, -1, -1, -1, -1, -1, -1, -1, -1, -1, -1, -1, -1, -1, -1, -1, 1, 1, 0, 1, 1, 1, 1, 1, -1, 1, 1, 1, 0, 1, 1, 1, 0, 1, 1, 1, -1, 1, 1, 1, 0, 1, 1, 1, 0, 1, 1, 1, 1, 0, 1, 1, 0, 1, 1, 0, 1, 0, 1, -1, -1, -1, -1, -1, -1, -1, -1, -1, -1, -1, -1, -1),
(218, '2024-04-18', '05:38:00.000000', '20', -1, -1, -1, -1, -1, -1, -1, -1, -1, -1, -1, -1, -1, -1, -1, -1, -1, -1, -1, -1, -1, -1, -1, -1, -1, -1, -1, -1, -1, -1, -1, -1, -1, -1, -1, -1, -1, -1, -1, -1, -1, -1, -1, -1, -1, -1, -1, -1, -1, -1, -1, -1, -1, -1, -1, -1, -1, -1, -1, -1, -1, -1, -1, -1, -1, -1, -1, -1, -1, -1, -1, -1, -1, -1, -1, -1, -1, -1, -1, -1, -1, -1, -1, -1, -1, -1, -1, -1, -1, -1, -1, -1, -1, -1, -1, -1, -1, -1, -1, -1, 1, 1, 1, 1, 0, 1, 1, 1, -1, 0, 1, 1, 1, 1, 0, 1, 1, 1, 1, 1, -1, 1, 1, 1, 1, 1, 0, 1, 1, 1, 1, 1, 0, 1, 1, 1, 0, 1, 1, 1, 0, 1, 1, -1, -1, -1, -1, -1, -1, -1, -1, -1, -1, -1, -1, -1),
(219, '2024-04-18', '05:39:00.000000', '20', -1, -1, -1, -1, -1, -1, -1, -1, -1, -1, -1, -1, -1, -1, -1, -1, -1, -1, -1, -1, -1, -1, -1, -1, -1, -1, -1, -1, -1, -1, -1, -1, -1, -1, -1, -1, -1, -1, -1, -1, -1, -1, -1, -1, -1, -1, -1, -1, -1, -1, -1, -1, -1, -1, -1, -1, -1, -1, -1, -1, -1, -1, -1, -1, -1, -1, -1, -1, -1, -1, -1, -1, -1, -1, -1, -1, -1, -1, -1, -1, -1, -1, -1, -1, -1, -1, -1, -1, -1, -1, -1, -1, -1, -1, -1, -1, -1, -1, -1, -1, 1, 0, 1, 1, 1, 1, 0, 1, -1, 1, 0, 1, 1, 1, 1, 0, 1, 0, 0, 1, -1, 1, 1, 1, 1, 0, 1, 1, 1, 0, 1, 1, 1, 0, 1, 1, 1, 0, -1, 0, 1, 0, 1, -1, -1, -1, -1, -1, -1, -1, -1, -1, -1, -1, -1, -1),
(220, '2024-04-18', '06:47:00.000000', 'none', -1, -1, -1, -1, -1, -1, -1, -1, -1, -1, -1, -1, -1, -1, -1, -1, -1, -1, -1, -1, -1, -1, -1, -1, -1, -1, -1, -1, -1, -1, -1, -1, -1, -1, -1, -1, -1, -1, -1, -1, -1, -1, -1, -1, -1, -1, -1, -1, -1, -1, -1, -1, -1, -1, -1, -1, -1, -1, -1, -1, -1, -1, -1, -1, -1, -1, -1, -1, -1, -1, -1, -1, -1, -1, -1, -1, -1, -1, -1, -1, -1, -1, -1, -1, -1, -1, -1, -1, -1, -1, -1, -1, -1, -1, -1, -1, -1, -1, -1, -1, 1, 1, 1, 0, 1, 1, 1, 1, -1, -1, -1, -1, -1, -1, -1, -1, -1, -1, -1, -1, -1, -1, -1, -1, -1, -1, -1, -1, -1, -1, -1, -1, -1, -1, -1, -1, -1, -1, -1, -1, -1, -1, -1, -1, -1, -1, -1, -1, -1, -1, -1, -1, -1, -1, -1, -1),
(221, '2024-04-18', '07:34:00.000000', '39', -1, -1, -1, -1, -1, -1, -1, -1, -1, -1, -1, -1, -1, -1, -1, -1, -1, -1, -1, -1, -1, -1, -1, -1, -1, -1, -1, -1, -1, -1, -1, -1, -1, -1, -1, -1, -1, -1, -1, -1, -1, -1, -1, -1, -1, -1, -1, -1, -1, -1, -1, -1, -1, -1, -1, -1, -1, -1, -1, -1, -1, -1, -1, -1, -1, -1, -1, -1, -1, -1, -1, -1, -1, -1, -1, -1, -1, -1, -1, -1, -1, -1, -1, -1, -1, -1, -1, -1, -1, -1, -1, -1, -1, -1, -1, -1, -1, -1, -1, -1, -1, -1, -1, -1, -1, -1, -1, -1, -1, -1, -1, -1, -1, -1, -1, -1, -1, -1, -1, -1, -1, -1, -1, -1, -1, -1, -1, -1, -1, -1, -1, -1, -1, -1, -1, -1, -1, -1, -1, -1, -1, -1, -1, 0, -1, 0, 1, 0, 1, 0, 1, 0, 1, 0, 1, 0),
(222, '2024-04-16', '07:34:00.000000', '39', -1, -1, -1, -1, -1, -1, -1, -1, -1, -1, -1, -1, -1, -1, -1, -1, -1, -1, -1, -1, -1, -1, -1, -1, -1, -1, -1, -1, -1, -1, -1, -1, -1, -1, -1, -1, -1, -1, -1, -1, -1, -1, -1, -1, -1, -1, -1, -1, -1, -1, -1, -1, -1, -1, -1, -1, -1, -1, -1, -1, -1, -1, -1, -1, -1, -1, -1, -1, -1, -1, -1, -1, -1, -1, -1, -1, -1, -1, -1, -1, -1, -1, -1, -1, -1, -1, -1, -1, -1, -1, -1, -1, -1, -1, -1, -1, -1, -1, -1, -1, -1, -1, -1, -1, -1, -1, -1, -1, -1, -1, -1, -1, -1, -1, -1, -1, -1, -1, -1, -1, -1, -1, -1, -1, -1, -1, -1, -1, -1, -1, -1, -1, -1, -1, -1, -1, -1, -1, -1, -1, -1, -1, -1, 1, -1, 1, 1, 0, 1, 0, 1, 1, 1, 1, 0, 1),
(223, '2024-04-09', '07:35:00.000000', '39', -1, -1, -1, -1, -1, -1, -1, -1, -1, -1, -1, -1, -1, -1, -1, -1, -1, -1, -1, -1, -1, -1, -1, -1, -1, -1, -1, -1, -1, -1, -1, -1, -1, -1, -1, -1, -1, -1, -1, -1, -1, -1, -1, -1, -1, -1, -1, -1, -1, -1, -1, -1, -1, -1, -1, -1, -1, -1, -1, -1, -1, -1, -1, -1, -1, -1, -1, -1, -1, -1, -1, -1, -1, -1, -1, -1, -1, -1, -1, -1, -1, -1, -1, -1, -1, -1, -1, -1, -1, -1, -1, -1, -1, -1, -1, -1, -1, -1, -1, -1, -1, -1, -1, -1, -1, -1, -1, -1, -1, -1, -1, -1, -1, -1, -1, -1, -1, -1, -1, -1, -1, -1, -1, -1, -1, -1, -1, -1, -1, -1, -1, -1, -1, -1, -1, -1, -1, -1, -1, -1, -1, -1, -1, 1, -1, 0, 1, 1, 1, 1, 0, 1, 1, 1, 1, 0),
(224, '2024-04-18', '07:35:00.000000', '39', -1, -1, -1, -1, -1, -1, -1, -1, -1, -1, -1, -1, -1, -1, -1, -1, -1, -1, -1, -1, -1, -1, -1, -1, -1, -1, -1, -1, -1, -1, -1, -1, -1, -1, -1, -1, -1, -1, -1, -1, -1, -1, -1, -1, -1, -1, -1, -1, -1, -1, -1, -1, -1, -1, -1, -1, -1, -1, -1, -1, -1, -1, -1, -1, -1, -1, -1, -1, -1, -1, -1, -1, -1, -1, -1, -1, -1, -1, -1, -1, -1, -1, -1, -1, -1, -1, -1, -1, -1, -1, -1, -1, -1, -1, -1, -1, -1, -1, -1, -1, -1, -1, -1, -1, -1, -1, -1, -1, -1, -1, -1, -1, -1, -1, -1, -1, -1, -1, -1, -1, -1, -1, -1, -1, -1, -1, -1, -1, -1, -1, -1, -1, -1, -1, -1, -1, -1, -1, -1, -1, -1, -1, -1, 0, -1, 1, 1, 1, 0, 1, 1, 1, 0, 1, 0, 0),
(225, '2024-04-13', '07:35:00.000000', '39', -1, -1, -1, -1, -1, -1, -1, -1, -1, -1, -1, -1, -1, -1, -1, -1, -1, -1, -1, -1, -1, -1, -1, -1, -1, -1, -1, -1, -1, -1, -1, -1, -1, -1, -1, -1, -1, -1, -1, -1, -1, -1, -1, -1, -1, -1, -1, -1, -1, -1, -1, -1, -1, -1, -1, -1, -1, -1, -1, -1, -1, -1, -1, -1, -1, -1, -1, -1, -1, -1, -1, -1, -1, -1, -1, -1, -1, -1, -1, -1, -1, -1, -1, -1, -1, -1, -1, -1, -1, -1, -1, -1, -1, -1, -1, -1, -1, -1, -1, -1, -1, -1, -1, -1, -1, -1, -1, -1, -1, -1, -1, -1, -1, -1, -1, -1, -1, -1, -1, -1, -1, -1, -1, -1, -1, -1, -1, -1, -1, -1, -1, -1, -1, -1, -1, -1, -1, -1, -1, -1, -1, -1, -1, 1, -1, 0, 1, 1, 1, 1, 1, 1, 1, 1, 1, 1),
(226, '2024-04-18', '07:36:00.000000', '39', -1, -1, -1, -1, -1, -1, -1, -1, -1, -1, -1, -1, -1, -1, -1, -1, -1, -1, -1, -1, -1, -1, -1, -1, -1, -1, -1, -1, -1, -1, -1, -1, -1, -1, -1, -1, -1, -1, -1, -1, -1, -1, -1, -1, -1, -1, -1, -1, -1, -1, -1, -1, -1, -1, -1, -1, -1, -1, -1, -1, -1, -1, -1, -1, -1, -1, -1, -1, -1, -1, -1, -1, -1, -1, -1, -1, -1, -1, -1, -1, -1, -1, -1, -1, -1, -1, -1, -1, -1, -1, -1, -1, -1, -1, -1, -1, -1, -1, -1, -1, -1, -1, -1, -1, -1, -1, -1, -1, -1, -1, -1, -1, -1, -1, -1, -1, -1, -1, -1, -1, -1, -1, -1, -1, -1, -1, -1, -1, -1, -1, -1, -1, -1, -1, -1, -1, -1, -1, -1, -1, -1, -1, -1, 1, -1, 0, 1, 0, 0, 1, 1, 1, 1, 0, 1, 1),
(227, '2024-04-10', '07:36:00.000000', '39', -1, -1, -1, -1, -1, -1, -1, -1, -1, -1, -1, -1, -1, -1, -1, -1, -1, -1, -1, -1, -1, -1, -1, -1, -1, -1, -1, -1, -1, -1, -1, -1, -1, -1, -1, -1, -1, -1, -1, -1, -1, -1, -1, -1, -1, -1, -1, -1, -1, -1, -1, -1, -1, -1, -1, -1, -1, -1, -1, -1, -1, -1, -1, -1, -1, -1, -1, -1, -1, -1, -1, -1, -1, -1, -1, -1, -1, -1, -1, -1, -1, -1, -1, -1, -1, -1, -1, -1, -1, -1, -1, -1, -1, -1, -1, -1, -1, -1, -1, -1, -1, -1, -1, -1, -1, -1, -1, -1, -1, -1, -1, -1, -1, -1, -1, -1, -1, -1, -1, -1, -1, -1, -1, -1, -1, -1, -1, -1, -1, -1, -1, -1, -1, -1, -1, -1, -1, -1, -1, -1, -1, -1, -1, 1, -1, 1, 1, 1, 1, 0, 1, 1, 1, 0, 1, 1),
(228, '2024-04-09', '07:37:00.000000', '39', -1, -1, -1, -1, -1, -1, -1, -1, -1, -1, -1, -1, -1, -1, -1, -1, -1, -1, -1, -1, -1, -1, -1, -1, -1, -1, -1, -1, -1, -1, -1, -1, -1, -1, -1, -1, -1, -1, -1, -1, -1, -1, -1, -1, -1, -1, -1, -1, -1, -1, -1, -1, -1, -1, -1, -1, -1, -1, -1, -1, -1, -1, -1, -1, -1, -1, -1, -1, -1, -1, -1, -1, -1, -1, -1, -1, -1, -1, -1, -1, -1, -1, -1, -1, -1, -1, -1, -1, -1, -1, -1, -1, -1, -1, -1, -1, -1, -1, -1, -1, -1, -1, -1, -1, -1, -1, -1, -1, -1, -1, -1, -1, -1, -1, -1, -1, -1, -1, -1, -1, -1, -1, -1, -1, -1, -1, -1, -1, -1, -1, -1, -1, -1, -1, -1, -1, -1, -1, -1, -1, -1, -1, -1, 1, -1, 1, 1, 1, 1, 1, 1, 1, 1, 0, 1, 1),
(229, '2024-04-09', '07:37:00.000000', '39', -1, -1, -1, -1, -1, -1, -1, -1, -1, -1, -1, -1, -1, -1, -1, -1, -1, -1, -1, -1, -1, -1, -1, -1, -1, -1, -1, -1, -1, -1, -1, -1, -1, -1, -1, -1, -1, -1, -1, -1, -1, -1, -1, -1, -1, -1, -1, -1, -1, -1, -1, -1, -1, -1, -1, -1, -1, -1, -1, -1, -1, -1, -1, -1, -1, -1, -1, -1, -1, -1, -1, -1, -1, -1, -1, -1, -1, -1, -1, -1, -1, -1, -1, -1, -1, -1, -1, -1, -1, -1, -1, -1, -1, -1, -1, -1, -1, -1, -1, -1, -1, -1, -1, -1, -1, -1, -1, -1, -1, -1, -1, -1, -1, -1, -1, -1, -1, -1, -1, -1, -1, -1, -1, -1, -1, -1, -1, -1, -1, -1, -1, -1, -1, -1, -1, -1, -1, -1, -1, -1, -1, -1, -1, 1, -1, 1, 1, 1, 1, 1, 1, 1, 1, 0, 1, 1),
(230, '2024-04-08', '07:37:00.000000', '39', -1, -1, -1, -1, -1, -1, -1, -1, -1, -1, -1, -1, -1, -1, -1, -1, -1, -1, -1, -1, -1, -1, -1, -1, -1, -1, -1, -1, -1, -1, -1, -1, -1, -1, -1, -1, -1, -1, -1, -1, -1, -1, -1, -1, -1, -1, -1, -1, -1, -1, -1, -1, -1, -1, -1, -1, -1, -1, -1, -1, -1, -1, -1, -1, -1, -1, -1, -1, -1, -1, -1, -1, -1, -1, -1, -1, -1, -1, -1, -1, -1, -1, -1, -1, -1, -1, -1, -1, -1, -1, -1, -1, -1, -1, -1, -1, -1, -1, -1, -1, -1, -1, -1, -1, -1, -1, -1, -1, -1, -1, -1, -1, -1, -1, -1, -1, -1, -1, -1, -1, -1, -1, -1, -1, -1, -1, -1, -1, -1, -1, -1, -1, -1, -1, -1, -1, -1, -1, -1, -1, -1, -1, -1, 1, -1, 1, 0, 1, 1, 1, 1, 0, 1, 1, 1, 1),
(231, '2024-04-08', '07:38:00.000000', '39', -1, -1, -1, -1, -1, -1, -1, -1, -1, -1, -1, -1, -1, -1, -1, -1, -1, -1, -1, -1, -1, -1, -1, -1, -1, -1, -1, -1, -1, -1, -1, -1, -1, -1, -1, -1, -1, -1, -1, -1, -1, -1, -1, -1, -1, -1, -1, -1, -1, -1, -1, -1, -1, -1, -1, -1, -1, -1, -1, -1, -1, -1, -1, -1, -1, -1, -1, -1, -1, -1, -1, -1, -1, -1, -1, -1, -1, -1, -1, -1, -1, -1, -1, -1, -1, -1, -1, -1, -1, -1, -1, -1, -1, -1, -1, -1, -1, -1, -1, -1, -1, -1, -1, -1, -1, -1, -1, -1, -1, -1, -1, -1, -1, -1, -1, -1, -1, -1, -1, -1, -1, -1, -1, -1, -1, -1, -1, -1, -1, -1, -1, -1, -1, -1, -1, -1, -1, -1, -1, -1, -1, -1, -1, 1, -1, 0, 1, 1, 1, 1, 0, 1, 1, 1, 1, 1),
(232, '2024-04-05', '07:38:00.000000', '39', -1, -1, -1, -1, -1, -1, -1, -1, -1, -1, -1, -1, -1, -1, -1, -1, -1, -1, -1, -1, -1, -1, -1, -1, -1, -1, -1, -1, -1, -1, -1, -1, -1, -1, -1, -1, -1, -1, -1, -1, -1, -1, -1, -1, -1, -1, -1, -1, -1, -1, -1, -1, -1, -1, -1, -1, -1, -1, -1, -1, -1, -1, -1, -1, -1, -1, -1, -1, -1, -1, -1, -1, -1, -1, -1, -1, -1, -1, -1, -1, -1, -1, -1, -1, -1, -1, -1, -1, -1, -1, -1, -1, -1, -1, -1, -1, -1, -1, -1, -1, -1, -1, -1, -1, -1, -1, -1, -1, -1, -1, -1, -1, -1, -1, -1, -1, -1, -1, -1, -1, -1, -1, -1, -1, -1, -1, -1, -1, -1, -1, -1, -1, -1, -1, -1, -1, -1, -1, -1, -1, -1, -1, -1, 1, -1, 1, 0, 1, 1, 1, 1, 1, 1, 0, 1, 1),
(233, '2024-04-02', '07:39:00.000000', '39', -1, -1, -1, -1, -1, -1, -1, -1, -1, -1, -1, -1, -1, -1, -1, -1, -1, -1, -1, -1, -1, -1, -1, -1, -1, -1, -1, -1, -1, -1, -1, -1, -1, -1, -1, -1, -1, -1, -1, -1, -1, -1, -1, -1, -1, -1, -1, -1, -1, -1, -1, -1, -1, -1, -1, -1, -1, -1, -1, -1, -1, -1, -1, -1, -1, -1, -1, -1, -1, -1, -1, -1, -1, -1, -1, -1, -1, -1, -1, -1, -1, -1, -1, -1, -1, -1, -1, -1, -1, -1, -1, -1, -1, -1, -1, -1, -1, -1, -1, -1, -1, -1, -1, -1, -1, -1, -1, -1, -1, -1, -1, -1, -1, -1, -1, -1, -1, -1, -1, -1, -1, -1, -1, -1, -1, -1, -1, -1, -1, -1, -1, -1, -1, -1, -1, -1, -1, -1, -1, -1, -1, -1, -1, 1, -1, 0, 1, 1, 1, 1, 0, 1, 1, 1, 1, 1),
(234, '2024-04-17', '07:39:00.000000', '40', -1, -1, -1, -1, -1, -1, -1, -1, -1, -1, -1, -1, -1, -1, -1, -1, -1, -1, -1, -1, -1, -1, -1, -1, -1, -1, -1, -1, -1, -1, -1, -1, -1, -1, -1, -1, -1, -1, -1, -1, -1, -1, -1, -1, -1, -1, -1, -1, -1, -1, -1, -1, -1, -1, -1, -1, -1, -1, -1, -1, -1, -1, -1, -1, -1, -1, -1, -1, -1, -1, -1, -1, -1, -1, -1, -1, -1, -1, -1, -1, -1, -1, -1, -1, -1, -1, -1, -1, -1, -1, -1, -1, -1, -1, -1, -1, -1, -1, -1, -1, -1, -1, -1, -1, -1, -1, -1, -1, -1, -1, -1, -1, -1, -1, -1, -1, -1, -1, -1, -1, -1, -1, -1, -1, -1, -1, -1, -1, -1, -1, -1, -1, -1, -1, -1, -1, -1, -1, -1, -1, -1, -1, -1, 1, -1, 1, 1, 1, 1, 1, 1, 0, 1, 1, 1, 1),
(235, '2024-04-18', '07:40:00.000000', '40', -1, -1, -1, -1, -1, -1, -1, -1, -1, -1, -1, -1, -1, -1, -1, -1, -1, -1, -1, -1, -1, -1, -1, -1, -1, -1, -1, -1, -1, -1, -1, -1, -1, -1, -1, -1, -1, -1, -1, -1, -1, -1, -1, -1, -1, -1, -1, -1, -1, -1, -1, -1, -1, -1, -1, -1, -1, -1, -1, -1, -1, -1, -1, -1, -1, -1, -1, -1, -1, -1, -1, -1, -1, -1, -1, -1, -1, -1, -1, -1, -1, -1, -1, -1, -1, -1, -1, -1, -1, -1, -1, -1, -1, -1, -1, -1, -1, -1, -1, -1, -1, -1, -1, -1, -1, -1, -1, -1, -1, -1, -1, -1, -1, -1, -1, -1, -1, -1, -1, -1, -1, -1, -1, -1, -1, -1, -1, -1, -1, -1, -1, -1, -1, -1, -1, -1, -1, -1, -1, -1, -1, -1, -1, 1, -1, 0, 1, 1, 1, 1, 0, 1, 1, 1, 0, 1),
(236, '2024-04-12', '07:40:00.000000', '40', -1, -1, -1, -1, -1, -1, -1, -1, -1, -1, -1, -1, -1, -1, -1, -1, -1, -1, -1, -1, -1, -1, -1, -1, -1, -1, -1, -1, -1, -1, -1, -1, -1, -1, -1, -1, -1, -1, -1, -1, -1, -1, -1, -1, -1, -1, -1, -1, -1, -1, -1, -1, -1, -1, -1, -1, -1, -1, -1, -1, -1, -1, -1, -1, -1, -1, -1, -1, -1, -1, -1, -1, -1, -1, -1, -1, -1, -1, -1, -1, -1, -1, -1, -1, -1, -1, -1, -1, -1, -1, -1, -1, -1, -1, -1, -1, -1, -1, -1, -1, -1, -1, -1, -1, -1, -1, -1, -1, -1, -1, -1, -1, -1, -1, -1, -1, -1, -1, -1, -1, -1, -1, -1, -1, -1, -1, -1, -1, -1, -1, -1, -1, -1, -1, -1, -1, -1, -1, -1, -1, -1, -1, -1, 1, -1, 1, 1, 1, 1, 1, 1, 1, 1, 0, 1, 1),
(237, '2024-04-10', '07:40:00.000000', '40', -1, -1, -1, -1, -1, -1, -1, -1, -1, -1, -1, -1, -1, -1, -1, -1, -1, -1, -1, -1, -1, -1, -1, -1, -1, -1, -1, -1, -1, -1, -1, -1, -1, -1, -1, -1, -1, -1, -1, -1, -1, -1, -1, -1, -1, -1, -1, -1, -1, -1, -1, -1, -1, -1, -1, -1, -1, -1, -1, -1, -1, -1, -1, -1, -1, -1, -1, -1, -1, -1, -1, -1, -1, -1, -1, -1, -1, -1, -1, -1, -1, -1, -1, -1, -1, -1, -1, -1, -1, -1, -1, -1, -1, -1, -1, -1, -1, -1, -1, -1, -1, -1, -1, -1, -1, -1, -1, -1, -1, -1, -1, -1, -1, -1, -1, -1, -1, -1, -1, -1, -1, -1, -1, -1, -1, -1, -1, -1, -1, -1, -1, -1, -1, -1, -1, -1, -1, -1, -1, -1, -1, -1, -1, 1, -1, 1, 1, 1, 1, 1, 1, 0, 1, 1, 1, 1),
(238, '2024-04-05', '07:41:00.000000', '40', -1, -1, -1, -1, -1, -1, -1, -1, -1, -1, -1, -1, -1, -1, -1, -1, -1, -1, -1, -1, -1, -1, -1, -1, -1, -1, -1, -1, -1, -1, -1, -1, -1, -1, -1, -1, -1, -1, -1, -1, -1, -1, -1, -1, -1, -1, -1, -1, -1, -1, -1, -1, -1, -1, -1, -1, -1, -1, -1, -1, -1, -1, -1, -1, -1, -1, -1, -1, -1, -1, -1, -1, -1, -1, -1, -1, -1, -1, -1, -1, -1, -1, -1, -1, -1, -1, -1, -1, -1, -1, -1, -1, -1, -1, -1, -1, -1, -1, -1, -1, -1, -1, -1, -1, -1, -1, -1, -1, -1, -1, -1, -1, -1, -1, -1, -1, -1, -1, -1, -1, -1, -1, -1, -1, -1, -1, -1, -1, -1, -1, -1, -1, -1, -1, -1, -1, -1, -1, -1, -1, -1, -1, -1, 1, -1, 0, 0, 0, 1, 1, 1, 1, 0, 0, 1, 1),
(239, '2024-04-03', '07:41:00.000000', '40', -1, -1, -1, -1, -1, -1, -1, -1, -1, -1, -1, -1, -1, -1, -1, -1, -1, -1, -1, -1, -1, -1, -1, -1, -1, -1, -1, -1, -1, -1, -1, -1, -1, -1, -1, -1, -1, -1, -1, -1, -1, -1, -1, -1, -1, -1, -1, -1, -1, -1, -1, -1, -1, -1, -1, -1, -1, -1, -1, -1, -1, -1, -1, -1, -1, -1, -1, -1, -1, -1, -1, -1, -1, -1, -1, -1, -1, -1, -1, -1, -1, -1, -1, -1, -1, -1, -1, -1, -1, -1, -1, -1, -1, -1, -1, -1, -1, -1, -1, -1, -1, -1, -1, -1, -1, -1, -1, -1, -1, -1, -1, -1, -1, -1, -1, -1, -1, -1, -1, -1, -1, -1, -1, -1, -1, -1, -1, -1, -1, -1, -1, -1, -1, -1, -1, -1, -1, -1, -1, -1, -1, -1, -1, 1, -1, 0, 1, 1, 1, 1, 1, 0, 1, 1, 1, 1),
(240, '2024-04-18', '12:25:00.000000', '15', -1, -1, -1, -1, -1, -1, -1, -1, -1, -1, -1, -1, -1, -1, -1, -1, -1, -1, -1, -1, -1, -1, -1, -1, -1, -1, -1, -1, -1, -1, -1, -1, -1, -1, -1, -1, -1, -1, -1, -1, -1, -1, -1, -1, -1, -1, -1, -1, -1, -1, -1, -1, -1, -1, -1, -1, -1, -1, -1, -1, -1, -1, -1, -1, -1, -1, -1, -1, -1, -1, -1, -1, -1, -1, -1, -1, -1, -1, -1, -1, -1, -1, -1, -1, -1, -1, -1, -1, -1, -1, -1, -1, -1, -1, -1, -1, -1, -1, -1, -1, -1, -1, -1, -1, -1, -1, -1, -1, -1, -1, -1, -1, -1, -1, -1, -1, -1, -1, -1, -1, -1, -1, -1, -1, -1, -1, -1, -1, -1, -1, -1, -1, -1, -1, -1, -1, -1, -1, -1, -1, -1, -1, -1, -1, -1, -1, -1, -1, -1, -1, -1, -1, -1, -1, -1, -1),
(241, '2024-04-18', '15:00:00.000000', '15', -1, -1, -1, -1, -1, -1, -1, -1, -1, -1, -1, -1, -1, -1, -1, -1, -1, -1, -1, -1, -1, -1, -1, -1, -1, -1, -1, -1, -1, -1, -1, -1, -1, -1, -1, -1, -1, -1, -1, -1, -1, -1, -1, -1, -1, -1, -1, -1, -1, -1, -1, -1, -1, -1, -1, -1, -1, -1, -1, -1, -1, -1, -1, -1, -1, -1, -1, -1, -1, -1, -1, -1, -1, -1, -1, -1, -1, -1, -1, -1, -1, -1, -1, -1, -1, -1, -1, -1, -1, -1, -1, -1, -1, -1, -1, -1, -1, -1, -1, -1, 1, 1, 0, 0, 1, 1, 1, 1, -1, 0, 0, 1, 1, 1, 1, 1, 1, 1, 0, 1, -1, 1, 1, 1, 0, 1, 1, 1, 1, 1, 1, 0, 0, 1, 1, 1, 0, 1, 1, 1, 1, 0, 0, -1, -1, -1, -1, -1, -1, -1, -1, -1, -1, -1, -1, -1),
(242, '2025-04-09', '00:08:00.000000', '12', -1, -1, -1, -1, -1, -1, -1, -1, -1, -1, -1, -1, -1, -1, -1, -1, -1, -1, -1, -1, -1, -1, -1, -1, -1, -1, -1, -1, -1, -1, -1, -1, -1, -1, -1, -1, -1, -1, -1, -1, -1, -1, -1, -1, -1, -1, -1, -1, -1, -1, -1, -1, -1, -1, -1, -1, -1, -1, -1, -1, -1, -1, -1, -1, -1, -1, -1, -1, -1, -1, -1, -1, -1, -1, -1, -1, -1, -1, -1, -1, -1, -1, -1, -1, -1, -1, -1, -1, -1, -1, -1, -1, -1, -1, -1, -1, -1, -1, -1, -1, 0, 0, 1, 0, 1, 0, 1, 0, -1, 0, 1, 0, 1, -1, -1, -1, -1, -1, -1, -1, -1, -1, -1, -1, -1, -1, -1, -1, -1, -1, -1, -1, -1, -1, -1, -1, -1, -1, -1, -1, -1, -1, -1, -1, -1, -1, -1, -1, -1, -1, -1, -1, -1, -1, -1, -1),
(243, '2025-04-09', '00:09:00.000000', '12', -1, -1, -1, -1, -1, -1, -1, -1, -1, -1, -1, -1, -1, -1, -1, -1, -1, -1, -1, -1, -1, -1, -1, -1, -1, -1, -1, -1, -1, -1, -1, -1, -1, -1, -1, -1, -1, -1, -1, -1, -1, -1, -1, -1, -1, -1, -1, -1, -1, -1, -1, -1, -1, -1, -1, -1, -1, -1, -1, -1, -1, -1, -1, -1, -1, -1, -1, -1, -1, -1, -1, -1, -1, -1, -1, -1, -1, -1, -1, -1, -1, -1, -1, -1, -1, -1, -1, -1, -1, -1, -1, -1, -1, -1, -1, -1, -1, -1, -1, -1, 0, 1, 0, 1, 0, 1, 0, 1, -1, 1, 1, 1, 0, 1, 0, 1, 0, 1, 0, 1, -1, 1, 0, 0, 0, 0, 0, 0, 0, 0, 0, 0, 0, -1, -1, -1, -1, -1, -1, -1, -1, -1, -1, -1, -1, -1, -1, -1, -1, -1, -1, -1, -1, -1, -1, -1),
(244, '2025-04-09', '00:12:00.000000', '12', -1, -1, -1, -1, -1, -1, -1, -1, -1, -1, -1, -1, -1, -1, -1, -1, -1, -1, -1, -1, -1, -1, -1, -1, -1, -1, -1, -1, -1, -1, -1, -1, -1, -1, -1, -1, -1, -1, -1, -1, -1, -1, -1, -1, -1, -1, -1, -1, -1, -1, -1, -1, -1, -1, -1, -1, -1, -1, -1, -1, -1, -1, -1, -1, -1, -1, -1, -1, -1, -1, -1, -1, -1, -1, -1, -1, -1, -1, -1, -1, -1, -1, -1, -1, -1, -1, -1, -1, -1, -1, -1, -1, -1, -1, -1, -1, -1, -1, -1, -1, 0, 1, 0, 1, 0, 1, 0, 1, -1, 1, 0, 1, 0, 1, 0, 1, 0, 1, 0, 1, -1, 0, 1, 0, 1, 0, 1, 1, 0, 0, 1, 0, 1, 0, 1, 0, 0, 0, 1, 1, 0, 1, 0, -1, -1, -1, -1, -1, -1, -1, -1, -1, -1, -1, -1, -1);

-- --------------------------------------------------------

--
-- Table structure for table `class`
--

CREATE TABLE IF NOT EXISTS `class` (
  `id` int(11) NOT NULL AUTO_INCREMENT,
  `year` int(11) NOT NULL,
  `department_id` int(11) NOT NULL,
  `teacher_id` int(11) NOT NULL,
  PRIMARY KEY (`id`)
) ENGINE=InnoDB  DEFAULT CHARSET=latin1 AUTO_INCREMENT=24 ;

--
-- Dumping data for table `class`
--

INSERT INTO `class` (`id`, `year`, `department_id`, `teacher_id`) VALUES
(13, 3, 8, 34),
(15, 1, 8, 35),
(16, 2, 8, 36),
(21, 1, 8, 41),
(22, 2, 7, 0),
(23, 2, 8, 25);

-- --------------------------------------------------------

--
-- Table structure for table `department`
--

CREATE TABLE IF NOT EXISTS `department` (
  `id` int(11) NOT NULL AUTO_INCREMENT,
  `name` text NOT NULL,
  `status` tinyint(1) NOT NULL,
  PRIMARY KEY (`id`)
) ENGINE=InnoDB  DEFAULT CHARSET=latin1 AUTO_INCREMENT=17 ;

--
-- Dumping data for table `department`
--

INSERT INTO `department` (`id`, `name`, `status`) VALUES
(7, 'Computer', 1),
(8, 'Information Technology', 1),
(9, 'Electronics and Telecommunication ', 0),
(10, 'Electrics', 0),
(11, 'CIvil', 0),
(12, 'Automobile', 0),
(13, 'Mechanical', 0),
(15, 'ai', 1),
(16, 'AI& DS', 0);

-- --------------------------------------------------------

--
-- Table structure for table `details`
--

CREATE TABLE IF NOT EXISTS `details` (
  `principal_verification` text NOT NULL
) ENGINE=InnoDB DEFAULT CHARSET=latin1;

--
-- Dumping data for table `details`
--

INSERT INTO `details` (`principal_verification`) VALUES
('ABCD');

-- --------------------------------------------------------

--
-- Table structure for table `hod_reg`
--

CREATE TABLE IF NOT EXISTS `hod_reg` (
  `id` int(11) NOT NULL AUTO_INCREMENT,
  `first_name` text NOT NULL,
  `last_name` text NOT NULL,
  `email` text NOT NULL,
  `phone` text NOT NULL,
  `password` text NOT NULL,
  `report_to` text NOT NULL,
  `department_id` text NOT NULL,
  PRIMARY KEY (`id`)
) ENGINE=InnoDB  DEFAULT CHARSET=latin1 AUTO_INCREMENT=18 ;

--
-- Dumping data for table `hod_reg`
--

INSERT INTO `hod_reg` (`id`, `first_name`, `last_name`, `email`, `phone`, `password`, `report_to`, `department_id`) VALUES
(14, 'HOD', 'Computer', 'ishvariwalunj2005@gmail.com', '9766466299', '25d55ad283aa400af464c76d713c07ad', '13', '7'),
(15, 'Om', 'Varma', 'fakeish31@gmail.com', '9766466299', '25d55ad283aa400af464c76d713c07ad', '13', '8'),
(17, 'hod', 'ai', 'samikshathigale@gmail.com', '9788746758', '25d55ad283aa400af464c76d713c07ad', '13', '15');

-- --------------------------------------------------------

--
-- Table structure for table `principal_reg`
--

CREATE TABLE IF NOT EXISTS `principal_reg` (
  `id` int(11) NOT NULL AUTO_INCREMENT,
  `first_name` text NOT NULL,
  `last_name` text NOT NULL,
  `email` text NOT NULL,
  `phone` text NOT NULL,
  `password` text NOT NULL,
  PRIMARY KEY (`id`)
) ENGINE=InnoDB  DEFAULT CHARSET=latin1 AUTO_INCREMENT=14 ;

--
-- Dumping data for table `principal_reg`
--

INSERT INTO `principal_reg` (`id`, `first_name`, `last_name`, `email`, `phone`, `password`) VALUES
(13, 'Vitthal', 'Bandal', 'fakeish31@gmail.com', '9766466299', '25d55ad283aa400af464c76d713c07ad');

-- --------------------------------------------------------

--
-- Table structure for table `student`
--

CREATE TABLE IF NOT EXISTS `student` (
  `id` int(11) NOT NULL AUTO_INCREMENT,
  `roll` varchar(10) NOT NULL,
  `enroll` varchar(10) NOT NULL,
  `name` varchar(20) NOT NULL,
  `phone` varchar(10) NOT NULL,
  `email` varchar(50) NOT NULL,
  `class_id` int(11) NOT NULL,
  PRIMARY KEY (`id`)
) ENGINE=InnoDB  DEFAULT CHARSET=latin1 AUTO_INCREMENT=259 ;

--
-- Dumping data for table `student`
--

INSERT INTO `student` (`id`, `roll`, `enroll`, `name`, `phone`, `email`, `class_id`) VALUES
(102, '23IF201', '211051240', 'Argade Yashwant', '9894448844', 'yash@school.edu', 15),
(103, '23IF201', '2110510241', 'walunj ishvari', '0410480791', 'william_anderson@company.net', 16),
(104, '4', '4', 'Jane Smith', '4359084703', 'john_miller@service.org', 6),
(105, '23IF202', '2110510242', 'Daine Nisha', '5753547404', 'john_johnson@company.net', 16),
(106, '22IF203', '2110510243', 'Bangar Nutan', '8937594746', 'robert_smith@example.com', 16),
(107, '22IF204', '2110510244', 'Thorat Sakshi', '1205507114', 'michael_smith@school.edu', 16),
(108, '23IF202', '211051241', 'Adhalkar Yashshri', '809652919', 'emma_doe@example.com', 15),
(109, '9', '9', 'Robert Wilson', '3792989269', 'john_wilson@company.net', 7),
(110, '22IF205', '2110510245', 'Bangar shrutika', '0455003009', 'sophia_doe@school.edu', 16),
(111, '11', '11', 'Michael Brown', '4184794474', 'william_moore@service.org', 9),
(112, '12', '12', 'Michael Brown', '1787326188', 'jane_doe@example.com', 11),
(113, '22IF206', '2110510246', ' Kale Kirti', '1652460904', 'sophia_doe@school.edu', 16),
(114, '14', '14', 'Emily Miller', '6244974933', 'jane_johnson@example.com', 11),
(115, '23IF203', '211051243', 'Londhe Apeksha ', '820454187', 'Apeksha1@gmail.com', 15),
(116, '16', '16', 'Emma Johnson', '6394490220', 'sophia_smith@school.edu', 7),
(117, '22IF207', '2110510247', 'thigale samiksha', '2047400898', 'david_brown@service.org', 16),
(118, '18', '18', 'Emma Moore', '0863189139', 'john_miller@school.edu', 12),
(119, '23IF204', '211051244', 'Bule Siddhesh', '8490446569', 'david_miller@school.edu', 15),
(120, '20', '20', 'Emily Smith', '3494200861', 'emily_anderson@example.com', 10),
(121, '21', '21', 'Olivia Wilson', '5993499013', 'john_doe@example.com', 9),
(122, '22', '22', 'Olivia Davis', '2969942129', 'jane_brown@school.edu', 9),
(123, '23', '23', 'John Moore', '7634059972', 'emily_anderson@example.com', 10),
(124, '24', '24', 'Robert Doe', '6578412480', 'sophia_smith@example.com', 9),
(125, '25', '25', 'John Moore', '9752183584', 'emma_davis@example.com', 7),
(127, '27', '27', 'Michael Johnson', '1320134090', 'michael_wilson@school.edu', 11),
(128, '28', '28', 'David Moore', '2052661418', 'john_taylor@company.net', 9),
(129, '29', '29', 'Emily Doe', '8318446842', 'michael_smith@service.org', 6),
(130, '23IF205', '2110510245', 'Bangar Siddhi', '8019897676', 'jane_smith@example.com', 15),
(131, '31', '31', 'John Moore', '4644797350', 'jane_wilson@example.com', 6),
(132, '32', '32', 'Emily Doe', '6218209414', 'emma_davis@example.com', 7),
(133, '22IF208', '2110510248', 'lokhande Bhakti', '5770046987', 'olivia_brown@company.net', 16),
(134, '34', '34', 'Robert Doe', '7476440794', 'jane_johnson@service.org', 11),
(135, '35', '35', 'William Anderson', '9146640077', 'michael_doe@example.com', 7),
(136, '36', '36', 'Michael Johnson', '6537826517', 'olivia_doe@service.org', 11),
(137, '37', '37', 'Olivia Doe', '3247027433', 'jane_miller@school.edu', 6),
(138, '38', '38', 'Robert Davis', '0091289237', 'david_taylor@company.net', 10),
(139, '39', '39', 'John Moore', '1963660223', 'robert_taylor@company.net', 11),
(140, '40', '40', 'Robert Doe', '1496017221', 'robert_brown@service.org', 12),
(141, '41', '41', 'Olivia Moore', '3247622688', 'michael_doe@service.org', 6),
(142, '42', '42', 'Michael Taylor', '2500283059', 'john_miller@service.org', 10),
(143, '43', '43', 'Olivia Wilson', '0149590156', 'michael_anderson@school.edu', 7),
(144, '44', '44', 'William Miller', '1027584288', 'robert_anderson@company.net', 12),
(145, '45', '45', 'John Johnson', '0655022776', 'michael_taylor@company.net', 6),
(146, '22IF209', '2110510249', 'Salunke nikita', '4432723986', 'olivia_wilson@service.org', 16),
(147, '47', '47', 'Emily Brown', '9421675646', 'michael_anderson@service.org', 7),
(148, '48', '48', 'Michael Wilson', '2817358510', 'david_johnson@school.edu', 11),
(149, '49', '49', 'William Wilson', '2726218158', 'jane_smith@service.org', 7),
(150, '50', '50', 'Emily Brown', '7601666546', 'david_miller@service.org', 12),
(151, '51', '51', 'Jane Smith', '3909934854', 'david_johnson@company.net', 11),
(152, '52', '52', 'David Wilson', '8356862132', 'robert_smith@service.org', 10),
(153, '53', '53', 'Emily Doe', '3146775793', 'jane_moore@school.edu', 6),
(154, '22IF210', '2110510250', 'Satpute Disha', '0717059368', 'olivia_moore@example.com', 16),
(155, '55', '55', 'Jane Wilson', '4202572626', 'william_miller@example.com', 12),
(156, '56', '56', 'David Moore', '0386540897', 'olivia_doe@school.edu', 7),
(157, '57', '57', 'John Wilson', '0317853660', 'william_miller@company.net', 9),
(158, '58', '58', 'Emma Anderson', '4898335216', 'olivia_wilson@company.net', 11),
(159, '59', '59', 'Emily Wilson', '2805096035', 'michael_brown@example.com', 7),
(160, '60', '60', 'William Smith', '1770897910', 'michael_miller@school.edu', 9),
(161, '22IF210', '2110510251', 'Bhor Payal', '2999652036', 'olivia_doe@service.org', 16),
(162, '62', '62', 'Michael Anderson', '9751876967', 'robert_doe@example.com', 11),
(163, '22IF211', '2110510252', 'Bhamare Priti', '1036230186', 'robert_miller@school.edu', 16),
(164, '64', '64', 'Emma Taylor', '0154420859', 'emily_smith@school.edu', 6),
(165, '65', '65', 'William Taylor', '5691982667', 'jane_anderson@school.edu', 10),
(166, '66', '66', 'John Doe', '8301471023', 'john_taylor@example.com', 9),
(167, '67', '67', 'Robert Anderson', '3745473631', 'jane_johnson@example.com', 7),
(168, '68', '68', 'Emma Anderson', '9288376696', 'emily_wilson@school.edu', 9),
(169, '69', '69', 'Emily Anderson', '5580410300', 'david_wilson@school.edu', 12),
(170, '70', '70', 'William Wilson', '7406387101', 'michael_davis@company.net', 9),
(171, '22IF211', '2110510252', 'Mundhe Payal', '2105846616', 'david_davis@school.edu', 16),
(172, '72', '72', 'William Miller', '4513607406', 'william_doe@school.edu', 9),
(173, '73', '73', 'William Wilson', '8900403807', 'emma_anderson@service.org', 6),
(174, '74', '74', 'William Taylor', '4700432928', 'william_taylor@school.edu', 7),
(175, '75', '75', 'William Smith', '5069860411', 'william_smith@school.edu', 11),
(176, '76', '76', 'David Miller', '2711115903', 'william_doe@school.edu', 9),
(177, '77', '77', 'Emily Taylor', '3478084018', 'david_wilson@service.org', 10),
(178, '78', '78', 'Sophia Taylor', '6407669714', 'john_miller@example.com', 6),
(179, '79', '79', 'Jane Anderson', '0790167770', 'robert_miller@service.org', 6),
(180, '22IF212', '2110510253', 'nighot monika', '0956308852', 'emily_doe@service.org', 16),
(181, '81', '81', 'Emma Smith', '4859661340', 'robert_brown@example.com', 10),
(182, '82', '82', 'Robert Miller', '4531632972', 'william_moore@company.net', 11),
(183, '83', '83', 'John Taylor', '7199040761', 'emily_smith@service.org', 10),
(184, '84', '84', 'William Brown', '9692284208', 'john_wilson@service.org', 7),
(185, '85', '85', 'John Johnson', '9399268758', 'robert_anderson@school.edu', 6),
(186, '22IF2113', '2110510253', 'Zarekar Shruti', '0781616874', 'emily_taylor@company.net', 16),
(187, '87', '87', 'Jane Brown', '7191462621', 'william_wilson@company.net', 11),
(188, '88', '88', 'Jane Miller', '5845602089', 'david_anderson@school.edu', 10),
(189, '89', '89', 'William Miller', '3318515687', 'robert_moore@company.net', 10),
(190, '22IF214', '2110510254', 'Bhor Sanika', '1191597198', 'william_taylor@example.com', 16),
(191, '91', '91', 'William Anderson', '9357524010', 'john_doe@service.org', 11),
(192, '92', '92', 'Jane Moore', '4899171523', 'jane_doe@company.net', 10),
(193, '22IF215', '2110510255', 'Gade Pradnya', '7666573648', 'emily_johnson@school.edu', 16),
(194, '22IF216', '2110510256', 'Totre Sushmita', '7800071553', 'michael_anderson@school.edu', 16),
(195, '95', '95', 'John Doe', '6604862258', 'sophia_taylor@example.com', 12),
(196, '96', '96', 'Michael Doe', '1229163596', 'sophia_moore@company.net', 11),
(197, '97', '97', 'Olivia Davis', '0286743368', 'john_doe@company.net', 7),
(198, '98', '98', 'Jane Miller', '8988621501', 'david_davis@company.net', 6),
(199, '99', '99', 'David Wilson', '8464477287', 'john_davis@school.edu', 10),
(200, '100', '100', 'Olivia Moore', '8525284748', 'robert_johnson@school.edu', 12),
(201, '23IF301', '2010410349', 'Bharati Aditya', '989873873', 'aditya1@gmail.com', 13),
(202, '23IF302', '2110510001', 'Bandal Snehal', '872822222', 'snehal1@gmail.com', 13),
(203, '23IF303', '2110510002', 'nighot monika', '98765647', 'monika1@gmail.com', 13),
(204, '23IF304', '2110510003', 'Phaple Snehal', '9876545678', 'snehal2@gmail.com', 13),
(205, '23IF304', '2110510005', 'Argade Tanvi', '98978668', 'tanvi1@gmail.com', 13),
(206, '23IF305', '2110510006', 'Kanthale Shreyash', '927263645', 'shreyash1@gmail.com', 13),
(207, '23IF306', '2110510007', 'Sumbe Aditya', '86564457', 'adi12@gmail.com', 13),
(208, '23IF308', '2110510008', 'Shirsath Ganesh', '786767553', 'ganesh1@gmail.com', 13),
(209, '23IF3010', '211051010', 'Parde Anurag', '988874654', 'Anurag@gmail.com', 13),
(210, '23IF311', '2110510011', 'Mundhe Payal', '875769609', 'payal1@gmail.com', 13),
(211, '23IF311', '2110510012', 'Jadhav Akshay', '7765392029', 'akshay2@gmail.com', 13),
(212, '23IF312', '2110510013', 'Satpute Disha', '848475985', 'disha@gmail.com', 13),
(213, '23IF313', '2110510014', 'Salunke nikita', '87833093', 'nikita@gmail.com', 13),
(214, '23IF314', '2110510015', 'walunj Ishvari', '9309222830', 'ishvariwalunj2005@gmail.com', 13),
(215, '23IF317', '2110510017', 'Shelar Tejas', '8828738733', 'tejas@gmail.com', 13),
(216, '23IF318', '2110510018', 'Patil Nayan', '9795686856', 'nayan2@gmail.com', 13),
(217, '23IF318', '2110510019', 'Bhamare Priti', '898585668', 'priti1@gmail.com', 13),
(218, '23IF319', '2110510023', 'Thigale Samiksha', '988576874', 'samiksha1@gmail.com', 13),
(219, '23IF320', '2110510025', 'Kale Kirti', '948979564', 'kirti1@gmail.com', 13),
(220, '23IF321', '2110510026', 'Bangar Nutan', '8745878454', 'nutanbangar116@gmail.com', 13),
(221, '23IF321', '2110510029', 'Dongare Payal', '8784578576', 'payal2@gmail.com', 13),
(222, '23IF323', '2110510030', 'Daine Nisha', '8758475858', 'nisha@gmail.com', 13),
(223, '23IF324', '2110510031', 'Bhor Sanika', '988477654', 'sanika1@gmail.com', 13),
(224, '23IF325', '2110510032', 'Gade Pradnya', '8478478596', 'pradnya1@gmail.com', 13),
(225, '23IF326', '2110510033', 'Zarekar Shruti', '8478484847', 'shru1@gmail.com', 13),
(226, '23IF327', '2110510034', 'Thorat Sakshi', '485785769', 'sakshi1@gmail.com', 13),
(227, '23IF328', '2110510035', 'Kashid Ajibkya', '8758475856', 'ajinkya@gmail.com', 13),
(228, '23IF329', '2110510036', 'Kumbhar Omkar', '875847856', 'onkar1@gmail.com', 13),
(229, '23IF329', '2110510037', 'Jagdale Aditya', '8475847557', 'adi11@gmail.com', 13),
(230, '23IF330', '2110510038', 'Navale Nikhil', '8587878543', 'nikhil1@gmail.com', 13),
(231, '23IF331', '2110510039', 'Anarase Avishkar', '9875876858', 'avishkarr@gmail.com', 13),
(232, '23IF331', '2110510040', 'Totre Sushmita', '8578476554', 'susha1@gmail.com', 13),
(233, '23IF333', '2110510041', 'Sukhare Sahil ', '9374863746', 'sahil@gmail.com', 13),
(234, '23IF334', '2110510042', 'Khilari Samruddhi', '986586785', 'samrudhii@gmail.com', 13),
(235, '23IF335', '2210510043', 'Sneha Jagtap', '9848975878', 'Sneha@gmail.com', 13),
(236, '23IF335', '2110510044', 'Dagade Ashwini', '968989867', 'Ashwini1@gmail.com', 13),
(237, '23IF337', '2110510045', 'Sandbhor Ved', '8485687687', 'ved@gmail.com', 13),
(238, '23IF338', '2110510045', 'Raut Sarthak', '9868576857', 'Sarthak1@gmail.com', 13),
(239, '23IF339', '2110510046', 'Chavan Onkar', '8956875867', 'omkar@gmail.com', 13),
(240, '23IF340', '2110510046', 'Bavche Pratik', '8768868443', 'pratik1@gmail.com', 13),
(241, '23IF341', '2110510047', 'Patil Atharv ', '876857683', 'atharv1@gmail.com', 13),
(242, '23IF342', '2110510049', 'Malhiparge Rupesh', '984758475', 'rupesh1@gmail.com', 13),
(243, '23IF343', '2110510050', 'Manekar Rohit', '988475842', 'rohit1@gmail.com', 13),
(244, '23IF344', '2110510051', 'Jhambhale Prasad', '8576857857', 'prasa@gmail.com', 13),
(245, '23IF345', '2110510053', 'Bangar shrutika', '875858586', 'shrutika@gmail.com', 13),
(246, '23IF206', '2110510246', 'Bhusari Shreya', '975325362', 'Shrey2@gmail.com', 15),
(247, '23IF209', '2110105102', 'Batwal Jiya', '8755574365', 'Jiya1@gmail.com', 15),
(248, '23IF210', '2110510249', 'Bhalerao Gauri', '9767654387', 'Gauri1@gmail.com', 15),
(249, '23IF211', '2110410250', 'Bardapure Nandkishor', '9776473224', 'kishor2@gamil.com', 15),
(250, '23IF212', '211051251', 'Chaure Anjali', '748778432', 'anju1@gmail.com', 15),
(251, '23IF213', '2110510252', 'Chawan Sujal', '8758484322', 'Sujal1@gmail.com', 15),
(252, '23IF214', '2110510253', 'Gore Ganesh', '9787665689', 'Ganesh12@g.com', 15),
(253, '21IF115', '2110151001', 'Borhade Shravani', '865543311', 'Shrau1@ff.com', 15),
(254, '21IF116', '211051002', 'Bhange Komal', '873746472', 'kom1@gmail.com', 15),
(255, '21IF117', '211051003', 'Bhandari Aditya', '845587686', 'Adi123@g.com', 15),
(256, '21IF118', '2110510004', 'Rothod Punam', '8775435987', 'punam1@gmail.com', 15),
(257, '21IF119', '211051006', 'Gavade Siddhi', '8766456789', 'sidhii1@gmao.com', 15),
(258, '21IF120', '211051020', 'Jagtap Tanvi', '987756456', 'tanvi11@gmail.com', 15);

-- --------------------------------------------------------

--
-- Table structure for table `subject`
--

CREATE TABLE IF NOT EXISTS `subject` (
  `id` int(11) NOT NULL AUTO_INCREMENT,
  `code` varchar(20) NOT NULL,
  `name` varchar(20) NOT NULL,
  `type` int(11) NOT NULL,
  `department_id` int(11) NOT NULL,
  `teacher_id` int(11) NOT NULL,
  `year` int(11) NOT NULL,
  PRIMARY KEY (`id`)
) ENGINE=InnoDB  DEFAULT CHARSET=latin1 AUTO_INCREMENT=53 ;

--
-- Dumping data for table `subject`
--

INSERT INTO `subject` (`id`, `code`, `name`, `type`, `department_id`, `teacher_id`, `year`) VALUES
(12, '4', ' WBP-TH', 0, 8, 25, 3),
(13, '1234224', ' WBP-PR', 1, 8, 25, 3),
(15, '123456', 'MAD-TH', 0, 8, 26, 3),
(16, '123456', 'MAD-PR', 1, 8, 27, 3),
(17, '123456', ' WMN-TH', 0, 8, 28, 3),
(18, '123456', 'WMN-PR', 1, 8, 28, 3),
(19, '123456', 'ETI-TH', 0, 8, 29, 3),
(20, '123456', 'MAN-TH', 0, 8, 25, 3),
(21, '123456', 'JPR-TH', 0, 8, 35, 2),
(22, '123456', ' JPR-PR', 1, 8, 35, 2),
(23, '123456', ' MIC-TH', 0, 8, 36, 2),
(24, '123456', 'MIC-PR', 1, 8, 36, 2),
(25, '123456', 'SEN-TH', 0, 8, 27, 2),
(26, '123456', 'SEN-PR', 1, 8, 37, 2),
(27, '123456', 'DCC-TH', 0, 8, 26, 2),
(28, '123456', 'DCC-PR', 1, 8, 26, 2),
(29, '123456', 'GAD-TH', 0, 8, 35, 2),
(30, '123456', 'GAD-PR', 1, 8, 38, 2),
(39, '12345', 'PIC-TH', 0, 8, 34, 1),
(40, '12345', 'PIC-PR', 1, 8, 34, 1),
(41, '23456', 'BEE-TH', 0, 8, 40, 1),
(42, '23456', 'BEE-PR', 1, 8, 39, 1),
(43, '34567', 'AMS-TH', 0, 8, 41, 1),
(44, '34567', 'AMS-PR', 1, 8, 41, 1),
(45, '45678', 'PCO-PR', 1, 8, 42, 1),
(47, '45678', 'PCO-TH', 0, 8, 42, 1),
(48, '11', 'chemestry', 0, 8, 29, 3),
(49, '12', 'physics', 0, 14, 43, 3),
(50, '1234', 'WB', 0, 8, 42, 1),
(51, '22', 'English', 0, 7, 0, 2),
(52, '22', 'English', 0, 8, 38, 2);

-- --------------------------------------------------------

--
-- Table structure for table `teacher_reg`
--

CREATE TABLE IF NOT EXISTS `teacher_reg` (
  `id` int(11) NOT NULL AUTO_INCREMENT,
  `first_name` text NOT NULL,
  `last_name` text NOT NULL,
  `email` text NOT NULL,
  `phone` text NOT NULL,
  `password` text NOT NULL,
  `report_to` text NOT NULL,
  `department_id` text NOT NULL,
  `status` int(11) NOT NULL,
  PRIMARY KEY (`id`)
) ENGINE=InnoDB  DEFAULT CHARSET=latin1 AUTO_INCREMENT=44 ;

--
-- Dumping data for table `teacher_reg`
--

INSERT INTO `teacher_reg` (`id`, `first_name`, `last_name`, `email`, `phone`, `password`, `report_to`, `department_id`, `status`) VALUES
(25, 'Yogesh', 'Bodhe', 'yogeshbodhe@gmail.com', '1234567890', '25d55ad283aa400af464c76d713c07ad', '14', '8', 1),
(26, 'Sneha', 'Raut', 'sneharaut@gamil.com', '9876543210', '25d55ad283aa400af464c76d713c07ad', '14', '8', 0),
(27, 'Rupali', 'Lande', 'rupalilande@gmail.com', '5555555555', '25d55ad283aa400af464c76d713c07ad', '14', '8', 0),
(28, 'Puja', 'Lokhande', 'pujalokhande@gmail.com', '1112223333', '25d55ad283aa400af464c76d713c07ad', '15', '8', 0),
(29, 'om', 'varma', 'omvarma@gmail.com', '4443332222', '25d55ad283aa400af464c76d713c07ad', '14', '8', 0),
(34, 'Priyanka', 'Ghode', 'priyankaghode@gmail.com', '9864982359', '25d55ad283aa400af464c76d713c07ad', '14', '8', 1),
(35, 'Archana', 'Chechare', 'archanachechare@gmail.com', '7655654653547', '25d55ad283aa400af464c76d713c07ad', '14', '8', 1),
(36, 'Shital', 'Sutar', 'shitalsutar@gmail.com', '76556544347', '25d55ad283aa400af464c76d713c07ad', '14', '8', 1),
(37, 'Sucheta', 'Lonare', 'suchetalonare@gmail.com', '63456123445', '25d55ad283aa400af464c76d713c07ad', '14', '8', 0),
(38, 'Puja', 'Shingare', 'pujashingare@gmail.com', '52365346733', '25d55ad283aa400af464c76d713c07ad', '14', '8', 0),
(39, 'R.', 'kale', 'r_kale@gmail.com', '878378844', '25d55ad283aa400af464c76d713c07ad', '14', '8', 0),
(40, 'nahina', 'Chatvani', 'nahinachatvani@gmail.com', '8578858474', '25d55ad283aa400af464c76d713c07ad', '14', '8', 0),
(41, 'P.', 'Bhalerao', 'bhalerao@gmail.com', '9585787535', '25d55ad283aa400af464c76d713c07ad', '14', '8', 1),
(42, 'R.', 'Landage', 'r_Landage1@gmail.com', '87485785896', '25d55ad283aa400af464c76d713c07ad', '14', '8', 0),
(43, 'samiksha', 'thigale', 'samikshathigale@gmail.com', '8329045439', '25d55ad283aa400af464c76d713c07ad', '', '14', 0);

/*!40101 SET CHARACTER_SET_CLIENT=@OLD_CHARACTER_SET_CLIENT */;
/*!40101 SET CHARACTER_SET_RESULTS=@OLD_CHARACTER_SET_RESULTS */;
/*!40101 SET COLLATION_CONNECTION=@OLD_COLLATION_CONNECTION */;
